-25,0,0
-25,0,0
-25,0,0
-25,0,0
-25,0,0
-25,0,0
-25,0,0
-25,0,0
-25,0,0
-25,0,0
-25,0,0
-25,0,0
-25,0,0
-25,0,0
-25,0,0
-25,0,0
-25,0,0
-25,0.000004,0
-25,0.000004,0
-25,0.000003,0
-25,0.000003,0
-25,0.000003,0
-25,0.000002,0
-25,0.000002,0
-25,0.000002,0
-25,0.000002,0
-25,0.000002,0
-25,0.000002,0
-25,0.000002,0
-25,0.000002,0
-25,0.000002,0
-25,0.000001,0
-25,0.000001,0
-25,0.000001,0
-25,0.000001,0
-25,0.000016,0
-25,0.000015,0
-25,0.000015,0
-25,0.000013,0
-25,0.000013,0
-25,0.000012,0
-25,0.000012,0
-25,0.000011,0
-25,0.000011,0
-25,-0.084821,0
-25,-0.084821,0
-25,-0.128372,0
-25,-0.172078,0
-25,-0.172078,0
-25,-0.172927,0
-25,-0.172927,0
-25,-0.172938,0
-25,-0.172938,0
-25,-0.17294,0
-25,-0.172926,0
-25,-0.172926,0
-25,-0.172906,0
-25,-0.172906,0
-25,-0.17289,0
-25,-0.17289,0
-25,-0.172898,0
-25,-0.172898,0
-25,-0.172904,0
-25,-0.182587,0
-25,-0.17276,0
-25,-0.172691,0
-25,-0.172691,0
-25,-0.172895,0
-25,-0.172895,0
-25,-0.172756,0
-25,-0.172756,0
-25,-0.172739,0
-25,-0.172625,0
-25,-0.172625,0
-25,-0.172592,0
-25,-0.172592,0
-25,-0.324085,0
-25,-0.324085,0
-25,-0.345039,0
-25,-0.345039,0
-25,-0.345315,0
-25,-0.363322,0
-25,-0.34533,0
-25,-0.34533,0
-25,-0.345264,0
-25,-0.345656,0
-25,-0.345656,0
-25,-0.345644,0
-25,-0.345644,0
-25,-0.345755,0
-25,-0.345755,0
-25,-0.345676,0
-25,-0.345676,0
-25,-0.345642,0
-25,-0.345454,0
-25,-0.345454,0
-25,-0.345422,0
-25,-0.345422,0
-25,-0.345412,0
-25,-0.345406,0
-25,-0.345406,0
-25,-0.34517,0
-25,-0.34517,0
-25,-0.345155,0
-25,-0.345155,0
-25,-0.345093,0
-25,-0.345093,0
-25,-0.345084,0
-25,-0.345084,0
-25,-0.345008,0
-25,-0.344975,0
-25,-0.344975,0
-25,-0.344804,0
-25,-0.344804,0
-25,-0.344772,0
-25,-0.344772,0
-25,-0.344683,0
-25,-0.344683,0
-25,-0.344672,0
-25,-0.344668,0
-25,-0.344668,0
-25,-0.344874,0
-25,-0.344874,0
-25,-0.34487,0
-25,-0.34487,0
-25,-0.344766,0
-25,-0.344766,0
-25,-0.344747,0
-25,-0.344747,0
-25,-0.344261,0
-25,-0.344198,0
-25,-0.344198,0
-25,-0.344439,0
-25,-0.344439,0
-25,-0.344491,0
-25,-0.344491,0
-25,-0.344631,0
-25,-0.344628,0
-25,-0.344627,0
-25,-0.344619,0
-25,-0.344619,0
-25,-0.344244,0
-25,-0.344244,0
-25,-0.344225,0
-25,-0.344225,0
-25,-0.343697,0
-25,-0.343682,0
-25,-0.343682,0
-25,-0.34364,0
-25,-0.34364,0
-25,-0.343624,0
-25,-0.343624,0
-25,-0.512832,0
-25,-0.51532,0
-25,-0.51532,0
-25,-0.515349,0
-25,-0.515349,0
-25,-0.514758,0
-25,-0.514758,0
-25,-0.514741,0
-25,-0.515188,0
-25,-0.515188,0
-25,-0.515177,0
-25,-0.515177,0
-25,-0.51532,0
-25,-0.51532,0
-25,-0.515291,0
-25,-0.515291,0
-25,-0.514465,0
-25,-0.514389,0
-25,-0.514389,0
-25,-0.514243,0
-25,-0.514243,0
-25,-0.514236,0
-25,-0.514236,0
-25,-0.514224,0
-25,-0.514224,0
-25,-0.514121,0
-25,-0.514121,0
-25,-0.514105,0
-25,-0.514105,0
-25,-0.513671,0
-25,-0.513671,0
-25,-0.513915,0
-25,-0.514167,0
-25,-0.514167,0
-25,-0.514519,0
-25,-0.514519,0
-25,-0.514892,0
-25,-0.514892,0
-25,-0.51489,0
-25,-0.514578,0
-25,-0.514578,0
-25,-0.514567,0
-25,-0.514567,0
-25,-0.514563,0
-25,-0.514563,0
-25,-0.51506,0
-25,-0.665894,0
-25,-0.665894,0
-25,-0.68657,0
-25,-0.68657,0
-25,-0.686863,0
-25,-0.686863,0
-25,-0.535161,0
-25,-0.535161,0
-25,-0.514306,0
-25,-0.514306,0
-25,-0.681849,0
-25,-0.68431,0
-25,-0.68431,0
-25,-0.68447,0
-25,-0.68447,0
-25,-0.684453,0
-25,-0.684453,0
-25,-0.683889,0
-25,-0.683855,0
-25,-0.683855,0
-25,-0.683839,0
-25,-0.683839,0
-25,-0.683191,0
-25,-0.683191,0
-25,-0.683174,0
-25,-0.683174,0
-25,-0.682038,0
-25,-0.682038,0
-25,-0.682211,0
-25,-0.682223,0
-25,-0.682223,0
-25,-0.682218,0
-25,-0.682218,0
-25,-0.682212,0
-25,-0.682212,0
-25,-0.682415,0
-25,-0.682415,0
-25,-0.682398,0
-25,-0.681437,0
-25,-0.681437,0
-25,-0.681424,0
-25,-0.681424,0
-25,-0.681361,0
-25,-0.681361,0
-25,-0.68135,0
-25,-0.68135,0
-25,-0.681095,0
-25,-0.681067,0
-25,-0.681067,0
-25,-0.680585,0
-25,-0.680585,0
-25,-0.68055,0
-25,-0.68055,0
-25,-0.679628,0
-25,-0.679628,0
-25,-0.678807,0
-25,-0.678798,0
-25,-0.678798,0
-25,-0.67849,0
-25,-0.67849,0
-25,-0.678273,0
-25,-0.678273,0
-25,-0.678301,0
-25,-0.678279,0
-25,-0.678279,0
-25,-0.677296,0
-25,-0.677296,0
-25,-0.676289,0
-25,-0.676289,0
-25,-0.842959,0
-25,-0.842959,0
-25,-0.696996,0
-25,-0.696996,0
-25,-0.678635,0
-25,-0.824792,0
-25,-0.824792,0
-25,-0.84278,0
-25,-0.84278,0
-25,-0.842525,0
-25,-0.842525,0
-25,-0.84245,0
-25,-0.841073,0
-25,-0.841073,0
-25,-0.841028,0
-25,-0.841028,0
-25,-0.841463,0
-25,-0.841463,0
-25,-0.841458,0
-25,-0.853988,0
-25,-0.840944,0
-25,-0.840014,0
-25,-0.840014,0
-25,-0.840301,0
-25,-0.840301,0
-25,-0.839385,0
-25,-0.839385,0
-25,-0.839376,0
-25,-0.851174,0
-25,-0.839152,0
-25,-0.838793,0
-25,-0.838793,0
-25,-0.838257,0
-25,-0.838257,0
-25,-0.837759,0
-25,-0.837759,0
-25,-0.837294,0
-25,-0.837275,0
-25,-0.837275,0
-25,-0.837196,0
-25,-0.837196,0
-25,-0.837168,0
-25,-0.837168,0
-25,-0.836211,0
-25,-0.836211,0
-25,-0.836162,0
-25,-0.836139,0
-25,-0.836139,0
-25,-0.834409,0
-25,-0.834409,0
-25,-0.834599,0
-25,-0.834599,0
-25,-0.834585,0
-25,-0.834585,0
-25,-0.833756,0
-25,-0.83371,0
-25,-0.83371,0
-25,-0.833697,0
-25,-0.833697,0
-25,-0.833687,0
-25,-0.838529,0
-25,-0.830446,0
-25,-0.830031,0
-25,-0.830031,0
-25,-0.975196,0
-25,-0.975196,0
-25,-0.995378,0
-25,-0.995378,0
-25,-0.997294,0
-25,-0.997294,0
-25,-0.99669,0
-25,-0.996666,0
-25,-0.996666,0
-25,-0.995826,0
-25,-0.995826,0
-25,-0.995806,0
-25,-0.995806,0
-25,-0.995796,0
-25,-1.010929,0
-25,-0.996677,0
-25,-0.997133,0
-25,-0.997133,0
-25,-0.99811,0
-25,-0.99811,0
-25,-0.998073,0
-25,-0.998073,0
-25,-0.994458,0
-25,-0.994447,0
-25,-0.994447,0
-25,-0.994438,0
-25,-0.994438,0
-25,-0.99366,0
-25,-0.99366,0
-25,-0.993644,0
-25,-0.995449,0
-25,-0.995449,0
-25,-0.995474,0
-25,-0.995474,0
-25,-0.99559,0
-25,-0.99559,0
-25,-0.995569,0
-25,-0.995561,0
-25,-0.995561,0
-25,-0.996554,0
-25,-0.996554,0
-25,-0.997045,0
-25,-0.997045,0
-25,-0.999532,0
-25,-0.999522,0
-25,-0.999522,0
-25,-0.994225,0
-25,-0.994225,0
-25,-0.994083,0
-25,-0.994083,0
-25,-0.991632,0
-25,-0.991632,0
-25,-0.990787,0
-25,-0.990782,0
-25,-0.990782,0
-25,-0.993537,0
-25,-0.993537,0
-25,-0.993526,0
-25,-0.993526,0
-25,-1.140343,0
-25,-1.140343,0
-25,-1.158299,0
-25,-1.015497,0
-25,-1.015497,0
-25,-1.156938,0
-25,-1.156938,0
-25,-1.157044,0
-25,-1.156974,0
-25,-1.156974,0
-25,-1.156963,0
-25,-1.156963,0
-25,-1.152372,0
-25,-1.15228,0
-25,-1.15228,0
-25,-1.152257,0
-25,-1.152257,0
-25,-1.147289,0
-25,-1.147289,0
-25,-1.147269,0
-25,-1.147269,0
-25,-1.14298,0
-25,-1.142968,0
-25,-1.142968,0
-25,-1.139732,0
-25,-1.139732,0
-25,-1.13968,0
-25,-1.13968,0
-25,-1.141331,0
-25,-1.141321,0
-25,-1.141321,0
-25,-1.139358,0
-25,-1.139358,0
-25,-1.139295,0
-25,-1.139295,0
-25,-1.137761,0
-25,-1.137761,0
-25,-1.13772,0
-25,-1.139807,0
-25,-1.139807,0
-25,-1.141794,0
-25,-1.141794,0
-25,-1.142768,0
-25,-1.142789,0
-25,-1.142789,0
-25,-1.14279,0
-25,-1.14279,0
-25,-1.145389,0
-25,-1.145389,0
-25,-1.145381,0
-25,-1.145381,0
-25,-1.153685,0
-25,-1.153682,0
-25,-1.153677,0
-25,-1.15474,0
-25,-1.15474,0
-25,-1.150109,0
-25,-1.150109,0
-25,-1.150044,0
-25,-1.150044,0
-25,-1.14895,0
-25,-1.14895,0
-25,-1.148919,0
-25,-1.148919,0
-25,-1.148912,0
-25,-1.148912,0
-25,-1.143362,0
-25,-1.143347,0
-25,-1.143347,0
-25,-1.138069,0
-25,-1.138069,0
-25,-1.138065,0
-25,-1.138065,0
-25,-1.138059,0
-25,-1.136192,0
-25,-1.136192,0
-25,-1.136148,0
-25,-1.136148,0
-25,-1.135188,0
-25,-1.135188,0
-25,-1.135043,0
-25,-1.135043,0
-25,-1.133359,0
-25,-1.133326,0
-25,-1.133326,0
-25,-1.134309,0
-25,-1.134309,0
-25,-1.135272,0
-25,-1.135266,0
-25,-1.135266,0
-25,-1.138868,0
25,-1.138868,0
25,-1.138942,0
25,-1.138942,0
25,-1.142164,0
25,-1.142146,0
25,-1.142146,0
25,-1.142144,0
25,-1.146295,0
25,-1.146347,0
25,-1.146347,0
25,-1.145919,0
25,-1.145919,0
25,-1.145721,0
25,-1.145721,0
25,-1.00046,0
25,-1.00046,0
25,-0.980607,0
25,0.869117,0
25,0.869117,0
25,0.970995,0
25,0.983501,0
25,0.984984,0
25,0.984984,0
25,0.988802,0
25,0.988802,0
25,0.988823,0
25,0.988823,0
25,0.988744,0
25,0.988681,0
25,0.988681,0
25,0.984538,0
25,0.984538,0
25,0.984329,0
25,0.984329,0
25,0.838187,0
25,0.818284,0
25,0.818284,0
25,0.817967,0
25,0.817967,0
25,0.818669,0
25,0.818669,0
25,0.81858,0
25,0.655177,0
25,0.655177,0
25,0.652902,0
25,0.652902,0
25,0.649638,0
25,0.649638,0
25,0.649426,0
25,0.648635,0
25,0.648635,0
25,0.648554,0
25,0.648554,0
25,0.506677,0
25,0.506677,0
25,0.487008,0
25,0.533771,0
25,0.486184,0
25,0.485856,0
25,0.485856,0
25,0.486613,0
25,0.486613,0
25,0.327026,0
25,0.327026,0
25,0.324628,0
25,0.324561,0
25,0.324561,0
25,0.324768,0
25,0.324768,0
25,0.324756,0
25,0.324756,0
25,0.324736,0
25,0.324663,0
25,0.324663,0
25,0.324624,0
25,0.324584,0
25,0.324584,0
25,0.182217,0
25,0.182217,0
25,0.162553,0
25,0.162553,0
25,0.162186,0
25,0.162186,0
25,0.162164,0
25,0.162006,0
25,0.162006,0
25,0.161924,0
25,0.161924,0
25,0.161848,0
25,0.161848,0
25,0.161834,0
25,0.161817,0
25,0.161817,0
25,0.161863,0
25,0.161863,0
25,0.019932,0
25,0.019932,0
25,0.000326,0
25,0.000326,0
25,0.000058,0
25,0.000016,0
25,0.000016,0
25,0.000011,0
25,0.000011,0
25,0.000009,0
25,0.000009,0
25,0.000008,0
25,0.000006,0
25,0.000006,0
25,0.000005,0
25,0.000005,0
25,0.000003,0
25,0.000003,0
25,0.000003,0
25,0.000002,0
25,0.000002,0
25,0.000001,0
25,0.000001,0
25,0.000001,0
25,0.000001,0
25,0,0
25,0,0
25,0,0
25,0.141961,0
25,0.141961,0
25,0.161501,0
25,0.161501,0
25,0.161773,0
25,0.161773,0
25,0.161744,0
25,0.161726,0
25,0.161726,0
25,0.16176,0
25,0.16176,0
25,0.161778,0
25,0.161778,0
25,0.161776,0
25,0.161827,0
25,0.161827,0
25,0.161823,0
25,0.161823,0
25,0.161833,0
25,0.161833,0
25,0.161828,0
25,0.1619,0
25,0.1619,0
25,0.161904,0
25,0.161912,0
25,0.16192,0
25,0.16192,0
25,0.161904,0
25,0.161904,0
25,0.161873,0
25,0.161873,0
25,0.161866,0
25,0.161863,0
25,0.161862,0
25,0.161854,0
25,0.161854,0
25,0.303916,0
25,0.303916,0
25,0.323511,0
25,0.323511,0
25,0.323737,0
25,0.323719,0
25,0.323719,0
25,0.3237,0
25,0.3237,0
25,0.323437,0
25,0.323437,0
25,0.323416,0
25,0.323416,0
25,0.323312,0
25,0.338011,0
25,0.322964,0
25,0.323362,0
25,0.323362,0
25,0.323374,0
25,0.323374,0
25,0.323272,0
25,0.323272,0
25,0.323241,0
25,0.323222,0
25,0.323222,0
25,0.482234,0
25,0.482234,0
25,0.484616,0
25,0.484616,0
25,0.484813,0
25,0.48486,0
25,0.48486,0
25,0.485491,0
25,0.485491,0
25,0.485526,0
25,0.485526,0
25,0.485826,0
25,0.485826,0
25,0.485825,0
25,0.628993,0
25,0.628993,0
25,0.648626,0
25,0.648626,0
25,0.649984,0
25,0.649984,0
25,0.650046,0
25,0.650038,0
25,0.650038,0
25,0.650425,0
25,0.650425,0
25,0.650425,0
25,0.650425,0
25,0.650783,0
25,0.650772,0
25,0.650772,0
25,0.650765,0
25,0.650765,0
25,0.650835,0
25,0.650835,0
25,0.650814,0
25,0.6511,0
25,0.6511,0
25,0.651093,0
25,0.651093,0
25,0.65229,0
25,0.65229,0
25,0.652325,0
25,0.651998,0
25,0.651998,0
25,0.651953,0
25,0.651913,0
25,0.651902,0
25,0.651902,0
25,0.811139,0
25,0.811139,0
25,0.813458,0
25,0.813458,0
25,0.812405,0
25,0.812391,0
25,0.81238,0
25,0.81233,0
25,0.81233,0
25,0.812317,0
25,0.812317,0
25,0.813473,0
25,0.813473,0
25,0.81349,0
25,0.81349,0
25,0.814195,0
25,0.814186,0
25,0.814186,0
25,0.814175,0
25,0.814175,0
25,0.812873,0
25,0.812873,0
25,0.955623,0
25,0.972781,0
25,0.972781,0
25,0.970439,0
25,0.970439,0
25,0.970347,0
25,0.970347,0
25,0.970333,0
25,0.970333,0
25,0.968038,0
25,0.968038,0
25,0.96796,0
25,0.969088,0
25,0.969088,0
25,0.970178,0
25,0.970178,0
25,0.971536,0
25,0.971536,0
25,0.972856,0
25,0.972856,0
25,0.972831,0
25,0.972137,0
25,0.972137,0
25,1.114409,0
25,1.114409,0
25,1.136124,0
25,1.136124,0
25,1.13644,0
25,1.13644,0
25,1.142067,0
25,1.14204,0
25,1.14204,0
25,1.142026,0
25,1.142026,0
25,1.144856,0
25,1.144856,0
25,1.145527,0
25,1.145527,0
25,1.144398,0
25,1.149051,0
25,1.149051,0
25,1.149104,0
25,1.149104,0
25,1.149099,0
25,1.150043,0
25,1.150043,0
25,1.150045,0
25,1.150045,0
25,1.150032,0
25,1.150032,0
25,1.15,0
25,1.15,0
25,1.151624,0
25,1.151161,0
25,1.151161,0
25,1.151147,0
25,1.151147,0
25,1.145274,0
25,1.145274,0
25,1.145165,0
25,1.145165,0
25,1.287271,0
25,1.287271,0
25,1.308712,0
25,1.308712,0
25,1.307889,0
25,1.305398,0
25,1.305398,0
25,1.302928,0
25,1.302928,0
25,1.301554,0
25,1.301554,0
25,1.300241,0
25,1.157444,0
25,1.157444,0
25,1.13987,0
25,1.13987,0
25,1.136036,0
25,1.136036,0
25,1.135992,0
25,1.301389,0
25,1.301389,0
25,1.303806,0
25,1.303806,0
25,1.308614,0
25,1.308614,0
25,1.308607,0
25,1.308607,0
25,1.313916,0
25,1.313916,0
25,1.313962,0
25,1.315072,0
25,1.315072,0
25,1.315061,0
25,1.315061,0
25,1.313936,0
25,1.313936,0
25,1.31393,0
25,1.313923,0
25,1.313923,0
25,1.310297,0
25,1.310297,0
25,1.308366,0
25,1.308366,0
25,1.308338,0
25,1.308338,0
25,1.311057,0
25,1.313662,0
25,1.313662,0
25,1.313656,0
25,1.313656,0
25,1.317927,0
25,1.329965,0
25,1.317411,0
25,1.315558,0
25,1.315558,0
25,1.315766,0
25,1.315766,0
25,1.315763,0
25,1.318907,0
25,1.306769,0
25,1.304491,0
25,1.304491,0
25,1.30413,0
25,1.30413,0
25,1.304098,0
25,1.304098,0
25,1.306446,0
25,1.306446,0
25,1.305772,0
25,1.305772,0
25,1.30574,0
25,1.305723,0
25,1.305723,0
25,1.30261,0
25,1.30261,0
25,1.302543,0
25,1.302543,0
25,1.461394,0
25,1.461394,0
25,1.301551,0
25,1.297551,0
25,1.297551,0
25,1.439626,0
25,1.439626,0
25,1.457087,0
25,1.464441,0
25,1.464441,0
25,1.464498,0
25,1.464498,0
25,1.466112,0
25,1.466112,0
25,1.466078,0
25,1.466078,0
25,1.466255,0
25,1.466239,0
25,1.466239,0
25,1.466223,0
25,1.466223,0
25,1.468981,0
25,1.468981,0
25,1.468951,0
25,1.468951,0
25,1.470726,0
25,1.470712,0
25,1.470712,0
25,1.472826,0
25,1.472826,0
25,1.472799,0
25,1.472799,0
25,1.475065,0
25,1.475053,0
25,1.475053,0
25,1.618965,0
25,1.618965,0
25,1.640224,0
25,1.665275,0
25,1.645654,0
25,1.645547,0
25,1.645547,0
25,1.646041,0
25,1.646041,0
25,1.647963,0
25,1.647963,0
25,1.647958,0
25,1.647958,0
25,1.647944,0
25,1.650448,0
25,1.650448,0
25,1.650419,0
25,1.650419,0
25,1.651819,0
25,1.651819,0
25,1.651794,0
25,1.651794,0
25,1.652314,0
25,1.65229,0
25,1.65229,0
25,1.653104,0
25,1.653104,0
25,1.653088,0
25,1.653088,0
25,1.653759,0
25,1.653759,0
25,1.655287,0
25,1.655287,0
25,1.655278,0
25,1.655523,0
25,1.655523,0
25,1.655514,0
25,1.655514,0
25,1.655504,0
25,1.655504,0
25,1.657168,0
25,1.670669,0
25,1.657298,0
25,1.657978,0
25,1.657978,0
25,1.658261,0
25,1.658261,0
25,1.8067,0
25,1.8067,0
25,1.680936,0
25,1.680936,0
25,1.663247,0
25,1.824698,0
25,1.824698,0
25,1.827116,0
25,1.827116,0
25,1.828987,0
25,1.828987,0
25,1.828964,0
25,1.828615,0
25,1.828615,0
25,1.828584,0
25,1.828584,0
25,1.828101,0
25,1.828101,0
25,1.828084,0
25,1.828084,0
25,1.830324,0
25,1.830324,0
25,1.831076,0
25,1.831055,0
25,1.831055,0
25,1.833856,0
25,1.833856,0
-25,1.833837,0
-25,1.833837,0
-25,1.833854,0
-25,1.833854,0
-25,1.833835,0
-25,1.830645,0
-25,1.830645,0
-25,1.830611,0
-25,1.830611,0
-25,1.829339,0
-25,1.829339,0
-25,1.829321,0
-25,1.829313,0
-25,1.829313,0
-25,1.836669,0
-25,1.836669,0
-25,1.836656,0
-25,1.836656,0
-25,1.837802,0
-25,1.837802,0
-25,1.837786,0
-25,1.835022,0
-25,1.835022,0
-25,1.834994,0
-25,1.834994,0
-25,1.67013,0
-25,1.67013,0
-25,1.83224,0
-25,1.834423,0
-25,1.691019,0
-25,1.672952,0
-25,1.672952,0
-25,-1.627337,0
-25,-1.627337,0
-25,-1.673297,0
-25,-1.673297,0
-25,-1.67383,0
-25,-1.67383,0
-25,-1.501598,0
-25,-1.501598,0
-25,-1.64505,0
-25,-1.660608,0
-25,-1.660608,0
-25,-1.660699,0
-25,-1.660699,0
-25,-1.500856,0
-25,-1.500856,0
-25,-1.498204,0
-25,-1.498204,0
-25,-1.499185,0
-25,-1.498936,0
-25,-1.498936,0
-25,-1.496573,0
-25,-1.496573,0
-25,-1.494299,0
-25,-1.494299,0
-25,-1.34821,0
-25,-1.34821,0
-25,-1.329691,0
-25,-1.327417,0
-25,-1.327417,0
-25,-1.330049,0
-25,-1.330049,0
-25,-1.329968,0
-25,-1.329968,0
-25,-1.334951,0
-25,-1.334951,0
-25,-1.33489,0
-25,-1.334851,0
-25,-1.334851,0
-25,-1.33631,0
-25,-1.33631,0
-25,-1.189786,0
-25,-1.189786,0
-25,-1.16794,0
-25,-1.166197,0
-25,-1.166197,0
-25,-1.165685,0
-25,-1.165685,0
-25,-1.164896,0
-25,-1.164896,0
-25,-1.164128,0
-25,-1.000261,0
-25,-1.000261,0
-25,-0.999019,0
-25,-0.999019,0
-25,-0.998974,0
-25,-0.998974,0
-25,-0.998892,0
-25,-0.998916,0
-25,-0.998916,0
-25,-0.998841,0
-25,-0.998841,0
-25,-0.997318,0
-25,-0.997318,0
-25,-0.997213,0
-25,-0.997213,0
-25,-0.852014,0
-25,-0.832993,0
-25,-0.832993,0
-25,-0.833268,0
-25,-0.833268,0
-25,-0.833236,0
-25,-0.833236,0
-25,-0.833182,0
-25,-0.833182,0
-25,-0.830546,0
-25,-0.684752,0
-25,-0.684752,0
-25,-0.664332,0
-25,-0.664332,0
-25,-0.664042,0
-25,-0.664042,0
-25,-0.664276,0
-25,-0.664276,0
-25,-0.664292,0
-25,-0.664292,0
-25,-0.663308,0
-25,-0.663277,0
-25,-0.663277,0
-25,-0.662319,0
-25,-0.662319,0
-25,-0.499023,0
-25,-0.499023,0
-25,-0.49647,0
-25,-0.496936,0
-25,-0.496936,0
-25,-0.497682,0
-25,-0.497682,0
-25,-0.497734,0
-25,-0.497734,0
-25,-0.497727,0
-25,-0.497727,0
-25,-0.332179,0
-25,-0.332179,0
-25,-0.331413,0
-25,-0.331413,0
-25,-0.33142,0
-25,-0.33142,0
-25,-0.331428,0
-25,-0.33136,0
-25,-0.33136,0
-25,-0.33137,0
-25,-0.33137,0
-25,-0.331,0
-25,-0.331,0
-25,-0.33094,0
-25,-0.33094,0
-25,-0.330768,0
-25,-0.167464,0
-25,-0.167464,0
-25,-0.165113,0
-25,-0.165113,0
-25,-0.165152,0
-25,-0.165152,0
-25,-0.165223,0
-25,-0.165223,0
-25,-0.165256,0
-25,-0.165256,0
-25,-0.165231,0
-25,-0.165102,0
-25,-0.165102,0
-25,-0.165108,0
-25,-0.165108,0
-25,-0.019637,0
-25,-0.019637,0
-25,0.000452,0
-25,0.000452,0
-25,0.000723,0
-25,0.000723,0
-25,0.000712,0
-25,0.000712,0
-25,0.000656,0
-25,0.000656,0
-25,0.000622,0
-25,0.000611,0
-25,0.000611,0
-25,0.0006,0
-25,0.0006,0
-25,0.000589,0
-25,0.000589,0
-25,0.000568,0
-25,0.000568,0
-25,0.000544,0
-25,0.000519,0
-25,0.000519,0
-25,0.000501,0
-25,0.000501,0
-25,0.000482,0
-25,0.000482,0
-25,0.000473,0
-25,0.01436,0
-25,0.000238,0
-25,0.000114,0
-25,0.000114,0
-25,0.000412,0
-25,0.000412,0
-25,0.000395,0
-25,0.000395,0
-25,0.000385,0
-25,0.00037,0
-25,0.00037,0
-25,0.000354,0
-25,0.000354,0
-25,0.000339,0
-25,0.000339,0
-25,0.000332,0
-25,0.010242,0
-25,0.000179,0
-25,0.000179,0
-25,0.000297,0
-25,0.00029,0
-25,0.00029,0
-25,0.000283,0
-25,0.000283,0
-25,0.000276,0
-25,0.008329,0
-25,0.000141,0
-25,0.000141,0
-25,0.000071,0
-25,0.000235,0
-25,0.000235,0
-25,0.000223,0
-25,0.000223,0
-25,0.000207,0
-25,0.000207,0
-25,0.000197,0
-25,0.000197,0
-25,0.000188,0
-25,0.000183,0
-25,0.000183,0
-25,0.000179,0
-25,0.000179,0
-25,0.000174,0
-25,0.005394,0
-25,-0.16268,0
-25,-0.164179,0
-25,-0.164179,0
-25,-0.165843,0
-25,-0.165843,0
-25,-0.165871,0
-25,-0.165871,0
-25,-0.165875,0
-25,-0.165864,0
-25,-0.165864,0
-25,-0.165826,0
-25,-0.165794,0
-25,-0.165794,0
-25,-0.165783,0
-25,-0.165775,0
-25,-0.165775,0
-25,-0.165753,0
-25,-0.165753,0
-25,-0.165747,0
-25,-0.165747,0
-25,-0.165748,0
-25,-0.165748,0
-25,-0.165747,0
-25,-0.172261,0
-25,-0.247066,0
-25,-0.288774,0
-25,-0.288774,0
-25,-0.331112,0
-25,-0.331112,0
-25,-0.332028,0
-25,-0.332028,0
-25,-0.332046,0
-25,-0.332046,0
-25,-0.332022,0
-25,-0.332015,0
-25,-0.332015,0
-25,-0.33164,0
-25,-0.33164,0
-25,-0.331619,0
-25,-0.331619,0
-25,-0.331409,0
-25,-0.331409,0
-25,-0.331402,0
-25,-0.331332,0
-25,-0.331332,0
-25,-0.331305,0
-25,-0.331305,0
-25,-0.33112,0
-25,-0.33112,0
-25,-0.331069,0
-25,-0.331069,0
-25,-0.331063,0
-25,-0.341733,0
-25,-0.330103,0
-25,-0.329959,0
-25,-0.329959,0
-25,-0.329973,0
-25,-0.329973,0
-25,-0.330474,0
-25,-0.330474,0
-25,-0.330952,0
-25,-0.330961,0
-25,-0.330961,0
-25,-0.331409,0
-25,-0.331409,0
-25,-0.477009,0
-25,-0.477009,0
-25,-0.494542,0
-25,-0.496687,0
-25,-0.496687,0
-25,-0.496968,0
-25,-0.496968,0
-25,-0.496644,0
-25,-0.496644,0
-25,-0.496633,0
-25,-0.496633,0
-25,-0.496938,0
-25,-0.496984,0
-25,-0.496984,0
-25,-0.496819,0
-25,-0.496819,0
-25,-0.496799,0
-25,-0.496799,0
-25,-0.495768,0
-25,-0.495757,0
-25,-0.495748,0
-25,-0.495555,0
-25,-0.495555,0
-25,-0.495564,0
-25,-0.495564,0
-25,-0.496747,0
-25,-0.496747,0
-25,-0.496831,0
-25,-0.497223,0
-25,-0.497223,0
-25,-0.497209,0
-25,-0.497209,0
-25,-0.496147,0
-25,-0.496147,0
-25,-0.49606,0
-25,-0.49606,0
-25,-0.495636,0
-25,-0.495633,0
-25,-0.495633,0
-25,-0.49659,0
-25,-0.49659,0
-25,-0.496591,0
-25,-0.496591,0
-25,-0.496536,0
-25,-0.496536,0
-25,-0.496488,0
-25,-0.495561,0
-25,-0.495561,0
-25,-0.495487,0
-25,-0.495487,0
-25,-0.495506,0
-25,-0.495543,0
-25,-0.495543,0
-25,-0.49554,0
-25,-0.49554,0
-25,-0.495687,0
-25,-0.495687,0
-25,-0.495676,0
-25,-0.495063,0
-25,-0.495063,0
-25,-0.495011,0
-25,-0.494965,0
-25,-0.494958,0
-25,-0.494958,0
-25,-0.49475,0
-25,-0.49475,0
-25,-0.494742,0
-25,-0.494742,0
-25,-0.494649,0
-25,-0.494642,0
-25,-0.494642,0
-25,-0.494828,0
-25,-0.494828,0
-25,-0.639723,0
-25,-0.639723,0
-25,-0.659843,0
-25,-0.659843,0
-25,-0.660128,0
-25,-0.659604,0
-25,-0.659604,0
-25,-0.659558,0
-25,-0.659558,0
-25,-0.65955,0
-25,-0.65955,0
-25,-0.659091,0
-25,-0.659091,0
-25,-0.659,0
-25,-0.659,0
-25,-0.658824,0
-25,-0.658808,0
-25,-0.658808,0
-25,-0.658742,0
-25,-0.65868,0
-25,-0.65868,0
-25,-0.65867,0
-25,-0.658522,0
-25,-0.658522,0
-25,-0.658525,0
-25,-0.658525,0
-25,-0.658257,0
-25,-0.658257,0
-25,-0.657802,0
-25,-0.656532,0
-25,-0.656532,0
-25,-0.656513,0
-25,-0.656513,0
-25,-0.655529,0
-25,-0.655529,0
-25,-0.655459,0
-25,-0.655459,0
-25,-0.654379,0
-25,-0.654312,0
-25,-0.654312,0
-25,-0.654284,0
-25,-0.654284,0
-25,-0.654296,0
-25,-0.654296,0
-25,-0.654284,0
-25,-0.654284,0
-25,-0.65498,0
-25,-0.653497,0
-25,-0.653497,0
-25,-0.651984,0
-25,-0.651984,0
-25,-0.651903,0
-25,-0.651903,0
-25,-0.65032,0
-25,-0.650249,0
-25,-0.650249,0
-25,-0.651193,0
-25,-0.651193,0
-25,-0.651229,0
-25,-0.651229,0
-25,-0.651214,0
-25,-0.651214,0
-25,-0.650867,0
-25,-0.650867,0
-25,-0.649205,0
-25,-0.64754,0
-25,-0.64754,0
-25,-0.647532,0
-25,-0.647532,0
-25,-0.647814,0
-25,-0.647814,0
-25,-0.64782,0
-25,-0.64782,0
-25,-0.647843,0
-25,-0.647807,0
-25,-0.647807,0
-25,-0.646935,0
-25,-0.646935,0
-25,-0.806404,0
-25,-0.806404,0
-25,-0.809018,0
-25,-0.66754,0
-25,-0.66754,0
-25,-0.650055,0
-25,-0.650055,0
-25,-0.790864,0
-25,-0.790864,0
-25,-0.810525,0
-25,-0.810934,0
-25,-0.810934,0
-25,-0.810927,0
-25,-0.810927,0
-25,-0.812795,0
-25,-0.812795,0
-25,-0.812846,0
-25,-0.826575,0
-25,-0.813095,0
-25,-0.813337,0
-25,-0.813337,0
-25,-0.813609,0
-25,-0.813609,0
-25,-0.811415,0
-25,-0.811415,0
-25,-0.811405,0
-25,-0.820025,0
-25,-0.809536,0
-25,-0.809536,0
-25,-0.808718,0
-25,-0.810224,0
-25,-0.810224,0
-25,-0.810255,0
-25,-0.810255,0
-25,-0.951948,0
-25,-0.951948,0
-25,-0.969412,0
-25,-0.986175,0
-25,-0.970495,0
-25,-0.96866,0
-25,-0.96866,0
-25,-0.969109,0
-25,-0.969109,0
-25,-0.968941,0
-25,-0.968941,0
-25,-0.968934,0
-25,-0.970599,0
-25,-0.970599,0
-25,-0.970617,0
-25,-0.970617,0
25,-0.971188,0
25,-0.971188,0
25,-0.971169,0
25,-0.971169,0
25,-0.971161,0
25,-0.983952,0
25,-0.966861,0
25,-0.96637,0
25,-0.96637,0
25,-0.963806,0
25,-0.963806,0
25,-0.963793,0
25,-0.963793,0
25,0.730354,0
25,0.828935,0
25,0.882884,0
25,0.842966,0
25,0.842966,0
25,0.963813,0
25,0.963813,0
25,0.823513,0
25,0.823513,0
25,0.803985,0
25,0.803985,0
25,0.803677,0
25,0.891224,0
25,0.80337,0
25,0.802596,0
25,0.802596,0
25,0.806025,0
25,0.806025,0
25,0.805946,0
25,0.805946,0
25,0.805342,0
25,0.646752,0
25,0.646752,0
25,0.643076,0
25,0.643076,0
25,0.642916,0
25,0.642916,0
25,0.641584,0
25,0.641584,0
25,0.641117,0
25,0.698074,0
25,0.481626,0
25,0.481195,0
25,0.481195,0
25,0.481311,0
25,0.481311,0
25,0.481402,0
25,0.481402,0
25,0.48137,0
25,0.479689,0
25,0.479689,0
25,0.322194,0
25,0.322194,0
25,0.319796,0
25,0.319796,0
25,0.319762,0
25,0.319762,0
25,0.320239,0
25,0.32027,0
25,0.32027,0
25,0.320258,0
25,0.319947,0
25,0.319947,0
25,0.319869,0
25,0.162349,0
25,0.162349,0
25,0.159842,0
25,0.159842,0
25,0.159788,0
25,0.159788,0
25,0.159954,0
25,0.159954,0
25,0.159987,0
25,0.159968,0
25,0.159968,0
25,0.019654,0
25,0.019654,0
25,0.000252,0
25,0.000252,0
25,-0.000038,0
25,-0.00004,0
25,-0.00004,0
25,-0.000039,0
25,-0.000039,0
25,-0.000039,0
25,-0.000039,0
25,-0.000039,0
25,-0.000039,0
25,-0.00004,0
25,-0.00004,0
25,-0.00004,0
25,-0.00004,0
25,-0.00004,0
25,-0.00004,0
25,-0.00004,0
25,-0.000039,0
25,-0.000039,0
25,-0.000038,0
25,-0.000037,0
25,-0.000037,0
25,0.140193,0
25,0.140193,0
25,0.157434,0
25,0.157434,0
25,0.159546,0
25,0.159864,0
25,0.159864,0
25,0.159935,0
25,0.159935,0
25,0.159932,0
25,0.159932,0
25,0.159927,0
25,0.159927,0
25,0.159871,0
25,0.159871,0
25,0.159834,0
25,0.159816,0
25,0.159816,0
25,0.3173,0
25,0.3173,0
25,0.319517,0
25,0.319517,0
25,0.319787,0
25,0.319814,0
25,0.319814,0
25,0.319968,0
25,0.319968,0
25,0.319982,0
25,0.319982,0
25,0.320124,0
25,0.320124,0
25,0.320125,0
25,0.320117,0
25,0.320117,0
25,0.32006,0
25,0.32006,0
25,0.320045,0
25,0.320045,0
25,0.320167,0
25,0.320168,0
25,0.32017,0
25,0.32017,0
25,0.320434,0
25,0.320462,0
25,0.320462,0
25,0.461287,0
25,0.461287,0
25,0.480706,0
25,0.480706,0
25,0.480805,0
25,0.480769,0
25,0.480769,0
25,0.480758,0
25,0.480758,0
25,0.480185,0
25,0.480185,0
25,0.48016,0
25,0.479768,0
25,0.479768,0
25,0.480648,0
25,0.480648,0
25,0.480704,0
25,0.480704,0
25,0.480696,0
25,0.48091,0
25,0.48091,0
25,0.48091,0
25,0.48091,0
25,0.480894,0
25,0.480894,0
25,0.48062,0
25,0.480602,0
25,0.480602,0
25,0.480169,0
25,0.480169,0
25,0.480125,0
25,0.480125,0
25,0.479919,0
25,0.479885,0
25,0.479885,0
25,0.479673,0
25,0.479673,0
25,0.4795,0
25,0.4795,0
25,0.47949,0
25,0.47949,0
25,0.479287,0
25,0.636678,0
25,0.636678,0
25,0.638803,0
25,0.638803,0
25,0.63884,0
25,0.63884,0
25,0.639649,0
25,0.639674,0
25,0.639706,0
25,0.639693,0
25,0.639693,0
25,0.641069,0
25,0.641069,0
25,0.641615,0
25,0.641615,0
25,0.641606,0
25,0.641599,0
25,0.641599,0
25,0.641297,0
25,0.641297,0
25,0.641274,0
25,0.641274,0
25,0.642192,0
25,0.64224,0
25,0.64224,0
25,0.784626,0
25,0.784626,0
25,0.804126,0
25,0.804126,0
25,0.802828,0
25,0.802828,0
25,0.80279,0
25,0.802779,0
25,0.802779,0
25,0.80089,0
25,0.80089,0
25,0.8002,0
25,0.8002,0
25,0.800679,0
25,0.800679,0
25,0.80067,0
25,0.80191,0
25,0.80191,0
25,0.801922,0
25,0.801922,0
25,0.802065,0
25,0.802065,0
25,0.802048,0
25,0.802048,0
25,0.802214,0
25,0.802204,0
25,0.802204,0
25,0.802195,0
25,0.802195,0
25,0.801585,0
25,0.801585,0
25,0.801555,0
25,0.801555,0
25,0.802032,0
25,0.802032,0
25,0.802479,0
25,0.802499,0
25,0.802499,0
25,0.802466,0
25,0.802466,0
25,0.802458,0
25,0.802458,0
25,0.800165,0
25,0.800165,0
25,0.799055,0
25,0.799055,0
25,0.952918,0
25,0.955269,0
25,0.955269,0
25,0.955126,0
25,0.955126,0
25,0.955097,0
25,0.955097,0
25,0.954177,0
25,0.95363,0
25,0.95363,0
25,0.952651,0
25,0.952651,0
25,0.952628,0
25,0.952628,0
25,0.954084,0
25,0.954073,0
25,0.954063,0
25,0.954063,0
25,0.955056,0
25,0.955056,0
25,0.955041,0
25,0.955041,0
25,0.954487,0
25,0.9538,0
25,0.9538,0
25,0.953226,0
25,0.953226,0
25,0.953194,0
25,0.953194,0
25,1.094432,0
25,1.094432,0
25,1.111661,0
25,1.137558,0
25,1.114833,0
25,1.116085,0
25,1.116085,0
25,1.116625,0
25,1.116625,0
25,1.117323,0
25,1.117323,0
25,1.117311,0
25,1.140604,0
25,1.120425,0
25,1.120425,0
25,1.120753,0
25,1.123974,0
25,1.123974,0
25,1.12396,0
25,1.12396,0
25,1.123947,0
25,1.142862,0
25,1.124295,0
25,1.124373,0
25,1.124373,0
25,1.124771,0
25,1.124771,0
25,1.2653,0
25,1.2653,0
25,1.284734,0
25,1.284734,0
25,1.284367,0
25,1.28378,0
25,1.28378,0
25,1.284632,0
25,1.284632,0
25,1.285499,0
25,1.285499,0
25,1.28661,0
25,1.287719,0
25,1.287719,0
25,1.287714,0
25,1.287714,0
25,1.287699,0
25,1.309445,0
25,1.287534,0
25,1.287534,0
25,1.287548,0
25,1.287273,0
25,1.287273,0
25,1.284645,0
25,1.284645,0
25,1.282014,0
25,1.282014,0
25,1.281774,0
25,1.281774,0
25,1.281532,0
25,1.281532,0
25,1.281518,0
25,1.28021,0
25,1.28021,0
25,1.279757,0
25,1.420246,0
25,1.420246,0
25,1.299214,0
25,1.299214,0
25,1.280051,0
25,1.280051,0
25,1.440181,0
25,1.440181,0
25,1.442316,0
25,1.44128,0
25,1.44128,0
25,1.441255,0
25,1.441255,0
25,1.441648,0
25,1.441648,0
25,1.44162,0
25,1.44162,0
25,1.442401,0
25,1.442401,0
25,1.442387,0
25,1.443579,0
25,1.443579,0
25,1.443565,0
25,1.443565,0
25,1.444132,0
25,1.444132,0
25,1.444118,0
25,1.444106,0
25,1.445972,0
25,1.445972,0
25,1.445973,0
25,1.44595,0
25,1.44595,0
25,1.443146,0
25,1.443146,0
25,1.443123,0
25,1.443123,0
25,1.438079,0
25,1.438069,0
25,1.438069,0
25,1.437145,0
25,1.437145,0
25,1.594661,0
25,1.594661,0
25,1.44139,0
25,1.44139,0
25,1.599089,0
25,1.600074,0
25,1.600074,0
25,1.599197,0
25,1.599197,0
25,1.599202,0
25,1.599202,0
25,1.597433,0
25,1.597423,0
25,1.597423,0
25,1.603021,0
25,1.603021,0
25,1.603044,0
25,1.603044,0
25,1.605498,0
25,1.605498,0
25,1.605497,0
25,1.602797,0
25,1.602797,0
25,1.602749,0
25,1.602749,0
25,1.601371,0
25,1.601371,0
25,1.601345,0
25,1.601335,0
25,1.60024,0
25,1.60022,0
25,1.60022,0
25,1.600199,0
25,1.600199,0
25,1.600228,0
25,1.600228,0
25,1.600211,0
25,1.60473,0
25,1.60473,0
25,1.604744,0
25,1.604744,0
25,1.60151,0
25,1.60151,0
25,1.601457,0
25,1.599261,0
25,1.599261,0
25,1.739647,0
25,1.739647,0
25,1.760861,0
25,1.760861,0
25,1.763024,0
25,1.763276,0
25,1.763276,0
25,1.608047,0
25,1.608047,0
25,1.746724,0
25,1.746724,0
25,1.765142,0
25,1.765142,0
25,1.764059,0
25,1.764059,0
25,1.764048,0
25,1.764037,0
25,1.764037,0
25,1.765139,0
25,1.765139,0
25,1.765143,0
25,1.765143,0
25,1.775342,0
25,1.775402,0
25,1.775402,0
25,1.778838,0
25,1.778838,0
25,1.778843,0
25,1.778843,0
25,1.777429,0
25,1.777429,0
25,1.774965,0
25,1.774956,0
25,1.772776,0
25,1.772752,0
25,1.772752,0
25,1.766722,0
25,1.766722,0
25,1.763646,0
25,1.763646,0
25,1.76137,0
25,1.761355,0
25,1.761341,0
25,1.901993,0
25,1.901993,0
25,1.925866,0
25,1.925866,0
25,1.92993,0
25,1.92993,0
25,1.771554,0
25,1.927847,0
25,1.927847,0
25,1.926116,0
25,1.926116,0
25,1.926378,0
25,1.926378,0
25,1.927639,0
25,1.92652,0
25,1.92652,0
25,1.930275,0
-25,1.930275,0
-25,1.930277,0
-25,1.930277,0
-25,1.930269,0
-25,1.930269,0
-25,1.934299,0
-25,1.934299,0
-25,1.93154,0
-25,1.772653,0
-25,1.772653,0
-25,1.76769,0
-25,1.76769,0
-25,1.767647,0
-25,1.767647,0
-25,-1.727269,0
-25,-1.727269,0
-25,-1.774416,0
-25,-1.774416,0
-25,-1.780707,0
-25,-1.780707,0
-25,-1.624951,0
-25,-1.624951,0
-25,-1.783856,0
-25,-1.649369,0
-25,-1.649369,0
-25,-1.629516,0
-25,-1.629516,0
-25,-1.633733,0
-25,-1.633733,0
-25,-1.633553,0
-25,-1.633553,0
-25,-1.634309,0
-25,-1.634915,0
-25,-1.634915,0
-25,-1.491526,0
-25,-1.491526,0
-25,-1.473815,0
-25,-1.473815,0
-25,-1.470518,0
-25,-1.470338,0
-25,-1.470338,0
-25,-1.470273,0
-25,-1.470273,0
-25,-1.466007,0
-25,-1.466007,0
-25,-1.465834,0
-25,-1.320129,0
-25,-1.320129,0
-25,-1.300351,0
-25,-1.300351,0
-25,-1.300034,0
-25,-1.300034,0
-25,-1.301899,0
-25,-1.301899,0
-25,-1.301801,0
-25,-1.303923,0
-25,-1.303923,0
-25,-1.303833,0
-25,-1.303833,0
-25,-1.304672,0
-25,-1.304672,0
-25,-1.143988,0
-25,-1.143988,0
-25,-1.145856,0
-25,-1.14584,0
-25,-1.14584,0
-25,-1.149063,0
-25,-1.149063,0
-25,-1.149047,0
-25,-1.149047,0
-25,-1.005238,0
-25,-1.005238,0
-25,-0.984231,0
-25,-0.984231,0
-25,-0.983887,0
-25,-0.984148,0
-25,-0.984148,0
-25,-0.984113,0
-25,-0.984113,0
-25,-0.984367,0
-25,-0.984367,0
-25,-0.822646,0
-25,-0.822646,0
-25,-0.820008,0
-25,-0.819941,0
-25,-0.819941,0
-25,-0.819223,0
-25,-0.819223,0
-25,-0.81919,0
-25,-0.81919,0
-25,-0.675322,0
-25,-0.655055,0
-25,-0.655055,0
-25,-0.654744,0
-25,-0.654744,0
-25,-0.654854,0
-25,-0.654854,0
-25,-0.654868,0
-25,-0.655272,0
-25,-0.655272,0
-25,-0.655274,0
-25,-0.655274,0
-25,-0.512347,0
-25,-0.512347,0
-25,-0.493762,0
-25,-0.500564,0
-25,-0.491138,0
-25,-0.491138,0
-25,-0.491047,0
-25,-0.491178,0
-25,-0.491178,0
-25,-0.490587,0
-25,-0.490587,0
-25,-0.490583,0
-25,-0.490583,0
-25,-0.490927,0
-25,-0.32951,0
-25,-0.32951,0
-25,-0.327584,0
-25,-0.327584,0
-25,-0.327621,0
-25,-0.327621,0
-25,-0.327581,0
-25,-0.327581,0
-25,-0.327582,0
-25,-0.327442,0
-25,-0.327442,0
-25,-0.327463,0
-25,-0.327463,0
-25,-0.328322,0
-25,-0.328322,0
-25,-0.328486,0
-25,-0.18444,0
-25,-0.18444,0
-25,-0.166878,0
-25,-0.166878,0
-25,-0.164433,0
-25,-0.164433,0
-25,-0.163951,0
-25,-0.163951,0
-25,-0.163919,0
-25,-0.163737,0
-25,-0.163737,0
-25,-0.16373,0
-25,-0.16373,0
-25,-0.163825,0
-25,-0.163825,0
-25,-0.163855,0
-25,-0.163877,0
-25,-0.163877,0
-25,-0.163795,0
-25,-0.163795,0
-25,-0.001789,0
-25,-0.001789,0
-25,0.000391,0
-25,0.021792,0
-25,0.000382,0
-25,0.000196,0
-25,0.000196,0
-25,0.000659,0
-25,0.000659,0
-25,0.000639,0
-25,0.000639,0
-25,0.000618,0
-25,0.000618,0
-25,0.000608,0
-25,0.000587,0
-25,0.000587,0
-25,0.000567,0
-25,0.000567,0
-25,0.000547,0
-25,0.000547,0
-25,0.000528,0
-25,0.000528,0
-25,0.000518,0
-25,0.016329,0
-25,0.000266,0
-25,0.000133,0
-25,0.000133,0
-25,0.000459,0
-25,0.000459,0
-25,0.000441,0
-25,0.000441,0
-25,0.000425,0
-25,0.000425,0
-25,0.00041,0
-25,0.000402,0
-25,0.000402,0
-25,-0.161586,0
-25,-0.161586,0
-25,-0.002083,0
-25,-0.002083,0
-25,-0.16171,0
-25,-0.16171,0
-25,-0.164184,0
-25,-0.164184,0
-25,-0.164222,0
-25,-0.16333,0
-25,-0.164268,0
-25,-0.164301,0
-25,-0.164301,0
-25,-0.164271,0
-25,-0.164271,0
-25,-0.16427,0
-25,-0.16427,0
-25,-0.164351,0
-25,-0.164397,0
-25,-0.164397,0
-25,-0.164557,0
-25,-0.164557,0
-25,-0.164683,0
-25,-0.164683,0
-25,-0.164696,0
-25,-0.164256,0
-25,-0.164665,0
-25,-0.164665,0
-25,-0.164477,0
-25,-0.16423,0
-25,-0.16423,0
-25,-0.164172,0
-25,-0.164172,0
-25,-0.163964,0
-25,-0.163911,0
-25,-0.163911,0
-25,-0.163897,0
-25,-0.163897,0
-25,-0.164008,0
-25,-0.164008,0
-25,-0.164042,0
-25,-0.164175,0
-25,-0.164272,0
-25,-0.16427,0
-25,-0.16427,0
-25,-0.164134,0
-25,-0.164134,0
-25,-0.164068,0
-25,-0.164068,0
-25,-0.163976,0
-25,-0.163964,0
-25,-0.163964,0
-25,-0.163964,0
-25,-0.163964,0
-25,-0.164021,0
-25,-0.164021,0
-25,-0.325955,0
-25,-0.325955,0
-25,-0.327919,0
-25,-0.327919,0
-25,-0.327931,0
-25,-0.327349,0
-25,-0.327349,0
-25,-0.327273,0
-25,-0.327273,0
-25,-0.327423,0
-25,-0.327423,0
-25,-0.327471,0
-25,-0.327469,0
-25,-0.327998,0
-25,-0.328051,0
-25,-0.328051,0
-25,-0.328051,0
-25,-0.328051,0
-25,-0.327793,0
-25,-0.327793,0
-25,-0.327773,0
-25,-0.327773,0
-25,-0.327041,0
-25,-0.327027,0
-25,-0.327027,0
-25,-0.327066,0
-25,-0.327066,0
-25,-0.327096,0
-25,-0.327096,0
-25,-0.327504,0
-25,-0.327548,0
-25,-0.327548,0
-25,-0.471799,0
-25,-0.471799,0
-25,-0.490518,0
-25,-0.490518,0
-25,-0.490794,0
-25,-0.490794,0
-25,-0.489768,0
-25,-0.489755,0
-25,-0.489755,0
-25,-0.490766,0
-25,-0.490766,0
-25,-0.49085,0
-25,-0.49085,0
-25,-0.491424,0
-25,-0.491424,0
-25,-0.491426,0
-25,-0.491426,0
-25,-0.490972,0
-25,-0.490972,0
-25,-0.49052,0
-25,-0.490548,0
-25,-0.490548,0
-25,-0.490556,0
-25,-0.490556,0
-25,-0.490547,0
-25,-0.490547,0
-25,-0.490698,0
-25,-0.490574,0
-25,-0.490574,0
-25,-0.490347,0
-25,-0.490347,0
-25,-0.490315,0
-25,-0.490315,0
-25,-0.489961,0
-25,-0.489701,0
-25,-0.489701,0
-25,-0.489646,0
-25,-0.489646,0
-25,-0.48963,0
-25,-0.48963,0
-25,-0.650598,0
-25,-0.650598,0
-25,-0.652852,0
-25,-0.652959,0
-25,-0.652959,0
-25,-0.651894,0
-25,-0.651894,0
-25,-0.651882,0
-25,-0.651882,0
-25,-0.65238,0
-25,-0.65238,0
-25,-0.653171,0
-25,-0.653171,0
-25,-0.655182,0
-25,-0.655177,0
-25,-0.655177,0
-25,-0.652703,0
-25,-0.652703,0
-25,-0.652582,0
-25,-0.652582,0
-25,-0.652562,0
-25,-0.652562,0
-25,-0.652811,0
-25,-0.652811,0
-25,-0.653235,0
-25,-0.653223,0
-25,-0.653223,0
-25,-0.652649,0
-25,-0.652649,0
-25,-0.652631,0
-25,-0.652631,0
-25,-0.652621,0
-25,-0.652621,0
-25,-0.652993,0
-25,-0.652982,0
-25,-0.652982,0
-25,-0.652759,0
-25,-0.652759,0
-25,-0.652751,0
-25,-0.652751,0
-25,-0.651585,0
-25,-0.651585,0
-25,-0.650691,0
-25,-0.649727,0
-25,-0.649727,0
-25,-0.649707,0
-25,-0.649707,0
-25,-0.649699,0
-25,-0.649699,0
-25,-0.649928,0
-25,-0.64991,0
-25,-0.64991,0
-25,-0.648577,0
-25,-0.648577,0
-25,-0.648566,0
-25,-0.648566,0
-25,-0.64782,0
-25,-0.64782,0
-25,-0.647781,0
-25,-0.648396,0
-25,-0.648396,0
-25,-0.648422,0
-25,-0.648422,0
-25,-0.648415,0
-25,-0.648415,0
-25,-0.64888,0
-25,-0.648867,0
-25,-0.648867,0
-25,-0.648633,0
-25,-0.648633,0
-25,-0.808582,0
-25,-0.808582,0
-25,-0.81084,0
-25,-0.826626,0
-25,-0.810878,0
-25,-0.810528,0
-25,-0.810528,0
-25,-0.810868,0
-25,-0.810868,0
-25,-0.810852,0
-25,-0.825226,0
-25,-0.81034,0
-25,-0.810171,0
-25,-0.810171,0
-25,-0.809711,0
-25,-0.809711,0
-25,-0.809699,0
-25,-0.809699,0
-25,-0.809183,0
-25,-0.809151,0
-25,-0.809151,0
-25,-0.808698,0
-25,-0.808698,0
-25,-0.808681,0
-25,-0.808681,0
-25,-0.80754,0
-25,-0.80754,0
-25,-0.80753,0
-25,-0.805892,0
-25,-0.805892,0
-25,-0.94738,0
-25,-0.94738,0
-25,-0.82401,0
-25,-0.82401,0
-25,-0.806884,0
-25,-0.945745,0
-25,-0.945745,0
-25,-0.962015,0
-25,-0.962015,0
-25,-0.959398,0
-25,-0.959398,0
-25,-0.959331,0
-25,-0.959331,0
-25,-0.959319,0
-25,-0.959868,0
-25,-0.959868,0
-25,-0.959847,0
-25,-0.959847,0
-25,-0.959616,0
-25,-0.959616,0
-25,-0.959589,0
-25,-0.959589,0
-25,-0.956371,0
-25,-0.953128,0
-25,-0.953128,0
-25,-0.952623,0
-25,-0.952623,0
-25,-0.952601,0
-25,-0.952601,0
-25,-0.95354,0
-25,-0.95354,0
-25,-0.953541,0
-25,-0.953529,0
-25,-0.953999,0
-25,-0.953999,0
-25,-0.953989,0
-25,-0.953965,0
-25,-0.953965,0
-25,-0.952965,0
-25,-0.952965,0
-25,-0.952942,0
-25,-0.952942,0
-25,-0.950097,0
-25,-0.950097,0
-25,-1.089168,0
-25,-1.107018,0
-25,-1.107018,0
-25,-1.107257,0
-25,-1.107257,0
-25,-1.107722,0
-25,-1.107722,0
-25,-1.107699,0
-25,-1.107699,0
-25,-1.107214,0
-25,-1.107199,0
-25,-1.107199,0
-25,-1.107186,0
-25,-1.107186,0
-25,-1.104016,0
-25,-1.104016,0
-25,-1.103993,0
-25,-1.104816,0
-25,-1.104816,0
-25,-1.104836,0
-25,-1.104836,0
-25,-1.105782,0
-25,-1.105782,0
-25,-1.105757,0
-25,-1.105757,0
-25,-1.102703,0
-25,-1.102703,0
-25,-1.102628,0
-25,-1.102598,0
-25,-1.102598,0
-25,-1.099919,0
-25,-1.099919,0
-25,-1.099895,0
-25,-1.099895,0
-25,-1.100364,0
-25,-1.100365,0
-25,-1.100365,0
-25,-1.102585,0
-25,-1.102585,0
-25,-1.102597,0
-25,-1.102597,0
25,-1.102764,0
25,-1.102764,0
25,-1.10273,0
25,-1.10273,0
25,-1.101749,0
25,-1.100832,0
25,-1.100832,0
25,-1.100822,0
25,-1.100822,0
25,-1.100936,0
25,-1.100936,0
25,-1.100917,0
25,-1.099366,0
25,-1.099366,0
25,-1.09932,0
25,-1.09932,0
25,-0.943277,0
25,-0.943277,0
25,-1.095622,0
25,-1.095622,0
25,-0.956068,0
25,-0.939558,0
25,-0.939558,0
25,-1.091335,0
25,-1.091335,0
25,-1.090188,0
25,-1.090188,0
25,-1.090205,0
25,-1.090205,0
25,-0.955281,0
25,-1.073453,0
25,-1.073453,0
25,-1.093283,0
25,-1.093283,0
25,-0.939447,0
25,-0.939447,0
25,-0.934018,0
25,-0.933903,0
25,-0.933816,0
25,-0.933808,0
25,-0.933808,0
25,-0.932075,0
25,-0.932075,0
25,-0.932065,0
25,-0.932065,0
25,0.907819,0
25,0.935604,0
25,0.935604,0
25,0.798047,0
25,0.798047,0
25,0.779107,0
25,0.779107,0
25,0.778578,0
25,0.778578,0
25,0.778481,0
25,0.777502,0
25,0.777502,0
25,0.777388,0
25,0.777388,0
25,0.777346,0
25,0.777346,0
25,0.640383,0
25,0.640383,0
25,0.621506,0
25,0.622502,0
25,0.622502,0
25,0.622443,0
25,0.622443,0
25,0.623398,0
25,0.623398,0
25,0.623357,0
25,0.623357,0
25,0.621472,0
25,0.468469,0
25,0.468469,0
25,0.466387,0
25,0.466387,0
25,0.463913,0
25,0.463913,0
25,0.463853,0
25,0.46449,0
25,0.46449,0
25,0.464475,0
25,0.464464,0
25,0.464946,0
25,0.464946,0
25,0.328923,0
25,0.328923,0
25,0.30978,0
25,0.30978,0
25,0.309393,0
25,0.309373,0
25,0.309535,0
25,0.309535,0
25,0.30956,0
25,0.309612,0
25,0.309612,0
25,0.173698,0
25,0.173698,0
25,0.154677,0
25,0.154677,0
25,0.154394,0
25,0.154344,0
25,0.154344,0
25,0.154285,0
25,0.154285,0
25,0.154295,0
25,0.154295,0
25,0.154415,0
25,0.154415,0
25,0.154469,0
25,0.019079,0
25,0.019079,0
25,0.000374,0
25,0.000374,0
25,0.000126,0
25,0.000126,0
25,0.000095,0
25,0.000096,0
25,0.000096,0
25,0.000097,0
25,0.000097,0
25,0.000096,0
25,0.000096,0
25,0.000093,0
25,0.000093,0
25,0.000092,0
25,0.000092,0
25,0.00009,0
25,0.000087,0
25,0.000087,0
25,0.000084,0
25,0.000084,0
25,0.000079,0
25,0.000079,0
25,0.000076,0
25,0.000076,0
25,0.000074,0
25,0.000074,0
25,0.135488,0
25,0.15213,0
25,0.15213,0
25,0.154172,0
25,0.154172,0
25,0.15445,0
25,0.15445,0
25,0.154453,0
25,0.154451,0
25,0.154451,0
25,0.154444,0
25,0.154444,0
25,0.154422,0
25,0.154422,0
25,0.1544,0
25,0.1544,0
25,0.154387,0
25,0.154355,0
25,0.154355,0
25,0.154354,0
25,0.154354,0
25,0.289813,0
25,0.289813,0
25,0.308823,0
25,0.309463,0
25,0.309463,0
25,0.309458,0
25,0.309647,0
25,0.309647,0
25,0.309661,0
25,0.309661,0
25,0.309648,0
25,0.309547,0
25,0.309547,0
25,0.309,0
25,0.309,0
25,0.308972,0
25,0.308972,0
25,0.308696,0
25,0.308688,0
25,0.308688,0
25,0.308681,0
25,0.308681,0
25,0.30894,0
25,0.30894,0
25,0.308977,0
25,0.309195,0
25,0.309195,0
25,0.309212,0
25,0.309212,0
25,0.309193,0
25,0.309193,0
25,0.309174,0
25,0.309174,0
25,0.309161,0
25,0.309161,0
25,0.30904,0
25,0.30903,0
25,0.30903,0
25,0.309422,0
25,0.309422,0
25,0.309427,0
25,0.319929,0
25,0.461901,0
25,0.463434,0
25,0.463434,0
25,0.465531,0
25,0.465531,0
25,0.465545,0
25,0.465545,0
25,0.465536,0
25,0.483016,0
25,0.464936,0
25,0.464936,0
25,0.464786,0
25,0.46427,0
25,0.46427,0
25,0.464245,0
25,0.464245,0
25,0.463598,0
25,0.463598,0
25,0.463588,0
25,0.478381,0
25,0.463481,0
25,0.463417,0
25,0.463417,0
25,0.616036,0
25,0.616036,0
25,0.618697,0
25,0.618697,0
25,0.619204,0
25,0.642378,0
25,0.619446,0
25,0.619446,0
25,0.619389,0
25,0.640458,0
25,0.619676,0
25,0.619468,0
25,0.619468,0
25,0.619881,0
25,0.619881,0
25,0.620122,0
25,0.620122,0
25,0.620195,0
25,0.640626,0
25,0.620869,0
25,0.621174,0
25,0.621174,0
25,0.75888,0
25,0.75888,0
25,0.776658,0
25,0.802691,0
25,0.778361,0
25,0.777053,0
25,0.777053,0
25,0.77868,0
25,0.77868,0
25,0.779726,0
25,0.779726,0
25,0.779767,0
25,0.779767,0
25,0.780898,0
25,0.780888,0
25,0.780888,0
25,0.780408,0
25,0.780408,0
25,0.78038,0
25,0.78038,0
25,0.780454,0
25,0.780454,0
25,0.780447,0
25,0.800744,0
25,0.780309,0
25,0.780309,0
25,0.782873,0
25,0.93967,0
25,0.93967,0
25,0.941832,0
25,0.941832,0
25,0.945147,0
25,0.945147,0
25,0.945227,0
25,0.945206,0
25,0.945206,0
25,0.945202,0
25,0.945202,0
25,0.945174,0
25,0.945174,0
25,0.943397,0
25,0.943397,0
25,0.943387,0
25,0.944798,0
25,0.944798,0
25,0.944813,0
25,0.944813,0
25,0.945185,0
25,0.945185,0
25,0.945163,0
25,0.945154,0
25,0.945154,0
25,0.94348,0
25,0.94348,0
25,0.943461,0
25,0.943461,0
25,1.078402,0
25,1.078402,0
25,1.094285,0
25,0.941899,0
25,0.941899,0
25,1.077135,0
25,1.077135,0
25,1.096964,0
25,1.096964,0
25,1.097232,0
25,1.097232,0
25,1.098262,0
25,1.099257,0
25,1.099257,0
25,1.099244,0
25,1.099244,0
25,1.099322,0
25,1.099322,0
25,1.0993,0
25,1.095239,0
25,1.091239,0
25,1.091239,0
25,1.089504,0
25,1.089485,0
25,1.089485,0
25,1.091438,0
25,1.091438,0
25,1.228382,0
25,1.228382,0
25,1.245218,0
25,1.245218,0
25,1.249866,0
25,1.279704,0
25,1.24985,0
25,1.172021,0
25,1.172021,0
25,1.232647,0
25,1.232647,0
25,1.251599,0
25,1.251599,0
25,1.25187,0
25,1.251861,0
25,1.254876,0
25,1.254892,0
25,1.254892,0
25,1.254869,0
25,1.254869,0
25,1.253068,0
25,1.253068,0
25,1.250079,0
25,1.250079,0
25,1.250011,0
25,1.249871,0
25,1.249871,0
25,1.249854,0
25,1.249854,0
25,1.249844,0
25,1.249844,0
25,1.254664,0
25,1.254724,0
25,1.254724,0
25,1.254708,0
25,1.254708,0
25,1.254659,0
25,1.254659,0
25,1.252829,0
25,1.253539,0
25,1.254254,0
25,1.254248,0
25,1.254248,0
25,1.257932,0
25,1.257932,0
25,1.259753,0
25,1.259753,0
25,1.262332,0
25,1.262332,0
25,1.262365,0
25,1.262365,0
25,1.265146,0
25,1.265174,0
25,1.265174,0
25,1.265568,0
25,1.265568,0
25,1.26548,0
25,1.26548,0
25,1.265849,0
25,1.265849,0
25,1.265853,0
25,1.265851,0
25,1.265851,0
25,1.26467,0
25,1.26467,0
25,1.264028,0
25,1.264028,0
25,1.261456,0
25,1.261425,0
25,1.261425,0
25,1.260489,0
25,1.260489,0
25,1.260473,0
25,1.260473,0
25,1.415963,0
25,1.415963,0
25,1.417,0
25,1.417025,0
25,1.417024,0
25,1.420068,0
25,1.420068,0
25,1.420086,0
25,1.420086,0
25,1.420323,0
25,1.420323,0
25,1.419227,0
25,1.421039,0
25,1.421039,0
25,1.421064,0
25,1.421064,0
25,1.421059,0
25,1.421059,0
25,1.427729,0
25,1.427729,0
25,1.432636,0
25,1.432636,0
25,1.432675,0
25,1.432675,0
25,1.432671,0
25,1.432671,0
25,1.432471,0
25,1.432471,0
25,1.431837,0
25,1.431826,0
25,1.431826,0
25,1.431297,0
25,1.431297,0
25,1.43129,0
25,1.43129,0
25,1.431285,0
25,1.429522,0
25,1.429522,0
25,1.429518,0
25,1.429518,0
25,1.430222,0
25,1.430222,0
25,1.430219,0
25,1.430219,0
25,1.571164,0
25,1.588378,0
25,1.588378,0
25,1.590487,0
25,1.590487,0
25,1.434594,0
25,1.432238,0
25,1.432238,0
25,1.437178,0
25,1.437178,0
25,1.577609,0
25,1.577609,0
25,1.594885,0
25,1.594885,0
25,1.60001,0
25,1.60001,0
25,1.459413,0
25,1.434479,0
25,1.434479,0
25,1.591479,0
25,1.591479,0
25,1.592402,0
25,1.592402,0
25,1.59243,0
25,1.59243,0
25,1.594521,0
25,1.594525,0
25,1.594525,0
25,1.593571,0
25,1.593571,0
25,1.593562,0
25,1.593562,0
25,1.593558,0
25,1.593558,0
25,1.595479,0
25,1.455275,0
25,1.455275,0
25,1.439078,0
25,1.439078,0
25,1.579339,0
25,1.579339,0
25,1.595825,0
25,1.595825,0
25,1.598209,0
25,1.598209,0
25,1.601705,0
25,1.604267,0
25,1.604267,0
25,1.609943,0
25,1.609943,0
25,1.609979,0
25,1.609979,0
-25,1.6099,0
-25,1.6099,0
-25,1.609899,0
-25,1.609899,0
-25,1.609898,0
-25,1.607865,0
-25,1.607865,0
-25,1.607863,0
-25,1.607863,0
-25,1.603063,0
-25,1.609121,0
-25,1.609121,0
-25,1.609121,0
-25,1.609121,0
-25,-1.592091,0
-25,-1.592091,0
-25,-1.457752,0
-25,-1.457752,0
-25,-1.455485,0
-25,-1.455485,0
-25,-1.461576,0
-25,-1.461576,0
-25,-1.461466,0
-25,-1.461466,0
-25,-1.45902,0
-25,-1.45902,0
-25,-1.458856,0
-25,-1.454684,0
-25,-1.454684,0
-25,-1.454573,0
-25,-1.454573,0
-25,-1.312926,0
-25,-1.291193,0
-25,-1.291193,0
-25,-1.290745,0
-25,-1.290745,0
-25,-1.289227,0
-25,-1.289227,0
-25,-1.289066,0
-25,-1.289066,0
-25,-1.289004,0
-25,-1.126049,0
-25,-1.126049,0
-25,-1.122186,0
-25,-1.122186,0
-25,-1.122026,0
-25,-1.122026,0
-25,-1.121973,0
-25,-1.120484,0
-25,-1.120484,0
-25,-1.120384,0
-25,-1.120384,0
-25,-1.120126,0
-25,-1.120126,0
-25,-0.962512,0
-25,-0.962512,0
-25,-0.962085,0
-25,-0.96176,0
-25,-0.96176,0
-25,-0.963237,0
-25,-0.963237,0
-25,-0.963191,0
-25,-0.963191,0
-25,-0.822383,0
-25,-0.822383,0
-25,-0.802898,0
-25,-0.802898,0
-25,-0.802608,0
-25,-0.803761,0
-25,-0.803761,0
-25,-0.804076,0
-25,-0.804076,0
-25,-0.662936,0
-25,-0.662936,0
-25,-0.643257,0
-25,-0.642987,0
-25,-0.642987,0
-25,-0.642942,0
-25,-0.642942,0
-25,-0.644674,0
-25,-0.644674,0
-25,-0.644653,0
-25,-0.644653,0
-25,-0.644549,0
-25,-0.644486,0
-25,-0.644486,0
-25,-0.481786,0
-25,-0.481786,0
-25,-0.481516,0
-25,-0.481516,0
-25,-0.481688,0
-25,-0.481726,0
-25,-0.481726,0
-25,-0.481722,0
-25,-0.481722,0
-25,-0.341319,0
-25,-0.341319,0
-25,-0.321224,0
-25,-0.321224,0
-25,-0.320823,0
-25,-0.320814,0
-25,-0.320814,0
-25,-0.320646,0
-25,-0.320646,0
-25,-0.320641,0
-25,-0.323313,0
-25,-0.320695,0
-25,-0.281054,0
-25,-0.281054,0
-25,-0.162828,0
-25,-0.162828,0
-25,-0.160203,0
-25,-0.160203,0
-25,-0.16015,0
-25,-0.160154,0
-25,-0.160154,0
-25,-0.160171,0
-25,-0.160171,0
-25,-0.160249,0
-25,-0.160249,0
-25,0.00034,0
-25,0.000601,0
-25,0.000601,0
-25,0.000593,0
-25,0.000593,0
-25,0.00058,0
-25,0.00058,0
-25,0.000567,0
-25,0.017132,0
-25,0.00036,0
-25,0.00036,0
-25,0.00056,0
-25,0.000534,0
-25,0.000534,0
-25,0.000523,0
-25,0.000523,0
-25,0.000513,0
-25,0.000501,0
-25,0.000501,0
-25,0.000479,0
-25,0.000479,0
-25,-0.157907,0
-25,-0.157907,0
-25,-0.160345,0
-25,-0.160345,0
-25,-0.160438,0
-25,-0.160438,0
-25,-0.160442,0
-25,-0.160408,0
-25,-0.160408,0
-25,-0.160375,0
-25,-0.160375,0
-25,-0.16022,0
-25,-0.16022,0
-25,-0.160208,0
-25,-0.301046,0
-25,-0.301046,0
-25,-0.320772,0
-25,-0.320772,0
-25,-0.320765,0
-25,-0.320765,0
-25,-0.320761,0
-25,-0.320761,0
-25,-0.320697,0
-25,-0.320697,0
-25,-0.320676,0
-25,-0.320664,0
-25,-0.320664,0
-25,-0.320341,0
-25,-0.320341,0
-25,-0.320192,0
-25,-0.320192,0
-25,-0.320088,0
-25,-0.320089,0
-25,-0.320095,0
-25,-0.320095,0
-25,-0.320424,0
-25,-0.320232,0
-25,-0.320232,0
-25,-0.46054,0
-25,-0.46054,0
-25,-0.479267,0
-25,-0.479267,0
-25,-0.479477,0
-25,-0.479477,0
-25,-0.479495,0
-25,-0.479495,0
-25,-0.479777,0
-25,-0.479775,0
-25,-0.479775,0
-25,-0.479768,0
-25,-0.479768,0
-25,-0.481114,0
-25,-0.481114,0
-25,-0.481108,0
-25,-0.481108,0
-25,-0.481387,0
-25,-0.481468,0
-25,-0.481468,0
-25,-0.480428,0
-25,-0.480428,0
-25,-0.480315,0
-25,-0.480315,0
-25,-0.479066,0
-25,-0.47898,0
-25,-0.47898,0
-25,-0.478974,0
-25,-0.478974,0
-25,-0.479583,0
-25,-0.479583,0
-25,-0.47958,0
-25,-0.480479,0
-25,-0.480479,0
-25,-0.479848,0
-25,-0.479848,0
-25,-0.479773,0
-25,-0.479773,0
-25,-0.637497,0
-25,-0.637497,0
-25,-0.638149,0
-25,-0.638149,0
-25,-0.638163,0
-25,-0.638091,0
-25,-0.638091,0
-25,-0.638076,0
-25,-0.638076,0
-25,-0.639117,0
-25,-0.639117,0
-25,-0.639146,0
-25,-0.639137,0
-25,-0.639137,0
-25,-0.638687,0
-25,-0.638687,0
-25,-0.63826,0
-25,-0.63826,0
-25,-0.635723,0
-25,-0.635723,0
-25,-0.635377,0
-25,-0.635372,0
-25,-0.635372,0
-25,-0.635364,0
-25,-0.635364,0
-25,-0.635944,0
-25,-0.635941,0
-25,-0.635941,0
-25,-0.63592,0
-25,-0.63592,0
-25,-0.635099,0
-25,-0.635099,0
-25,-0.634943,0
-25,-0.634373,0
-25,-0.634373,0
-25,-0.634358,0
-25,-0.634358,0
-25,-0.634791,0
-25,-0.634791,0
-25,-0.634783,0
-25,-0.634783,0
-25,-0.634261,0
-25,-0.634261,0
-25,-0.634051,0
-25,-0.633662,0
-25,-0.633662,0
-25,-0.633654,0
-25,-0.633654,0
-25,-0.634673,0
-25,-0.634673,0
-25,-0.794226,0
-25,-0.794226,0
-25,-0.798109,0
-25,-0.798396,0
-25,-0.798396,0
-25,-0.798416,0
-25,-0.798416,0
-25,-0.797867,0
-25,-0.797867,0
-25,-0.797847,0
-25,-0.797847,0
-25,-0.797064,0
-25,-0.797048,0
-25,-0.797048,0
-25,-0.798342,0
-25,-0.798342,0
-25,-0.798371,0
-25,-0.798371,0
-25,-0.798618,0
-25,-0.798596,0
-25,-0.798596,0
-25,-0.799415,0
-25,-0.799415,0
-25,-0.799412,0
-25,-0.799412,0
-25,-0.799406,0
-25,-0.801647,0
-25,-0.801647,0
-25,-0.801636,0
-25,-0.801636,0
-25,-0.800481,0
-25,-0.800481,0
-25,-0.800412,0
-25,-0.800412,0
-25,-0.797295,0
-25,-0.797189,0
-25,-0.797189,0
-25,-0.795539,0
-25,-0.795539,0
-25,-0.795489,0
-25,-0.795489,0
-25,-0.795476,0
-25,-0.795476,0
-25,-0.794237,0
-25,-0.794223,0
-25,-0.794223,0
-25,-0.793089,0
-25,-0.793089,0
-25,-0.792725,0
-25,-0.792725,0
-25,-0.79058,0
-25,-0.790498,0
-25,-0.790498,0
-25,-0.946985,0
-25,-0.946985,0
-25,-0.810581,0
-25,-0.810581,0
-25,-0.793715,0
-25,-0.95004,0
-25,-0.95004,0
-25,-0.951854,0
-25,-0.951854,0
-25,-0.951845,0
-25,-0.951845,0
-25,-0.951835,0
-25,-0.951835,0
-25,-0.949491,0
-25,-0.949491,0
-25,-0.949471,0
-25,-0.949471,0
-25,-0.949171,0
-25,-0.949171,0
-25,-0.949157,0
-25,-0.950881,0
-25,-0.950881,0
-25,-0.950867,0
-25,-0.950867,0
-25,-0.953975,0
-25,-0.953975,0
-25,-0.95403,0
-25,-0.95344,0
-25,-0.95344,0
-25,-0.953387,0
-25,-0.953387,0
-25,-0.950243,0
-25,-0.950243,0
-25,-0.950231,0
-25,-0.950231,0
-25,-0.950225,0
-25,-0.950224,0
-25,-0.950224,0
-25,-0.950212,0
-25,-0.950212,0
-25,-0.950065,0
-25,-0.950065,0
-25,-0.950056,0
-25,-0.957369,0
-25,-0.947684,0
-25,-0.946582,0
-25,-0.946582,0
-25,-0.944014,0
-25,-0.944014,0
-25,-0.943939,0
-25,-0.943939,0
-25,-0.943933,0
-25,-0.940798,0
-25,-0.940798,0
-25,-0.940183,0
-25,-0.940183,0
-25,-0.940181,0
-25,-0.940181,0
-25,-0.9412,0
-25,-0.941196,0
-25,-0.941196,0
-25,-0.941187,0
-25,-0.941187,0
-25,-0.94118,0
-25,-0.945945,0
-25,-0.938024,0
-25,-0.938024,0
-25,-0.93758,0
-25,-0.943675,0
-25,-0.937647,0
-25,-0.937959,0
-25,-0.937959,0
-25,-0.938122,0
-25,-0.938122,0
-25,-0.938111,0
-25,-0.938111,0
-25,-0.938152,0
-25,-0.944372,0
-25,-0.938225,0
-25,-0.937972,0
-25,-0.937972,0
-25,-0.938027,0
-25,-0.938027,0
-25,-0.93143,0
-25,-0.93143,0
-25,-0.931418,0
-25,-0.92996,0
-25,-0.92996,0
-25,-0.928548,0
-25,-0.928548,0
-25,-0.928541,0
-25,-0.934547,0
-25,-0.928931,0
-25,-0.928931,0
-25,-0.967627,0
-25,-1.078034,0
-25,-1.078034,0
-25,-1.080117,0
-25,-1.080117,0
-25,-1.079039,0
-25,-1.079039,0
-25,-1.079025,0
-25,-1.079008,0
-25,-1.079008,0
-25,-1.080188,0
-25,-1.080188,0
-25,-1.080171,0
-25,-1.080171,0
-25,-1.081779,0
-25,-1.08176,0
-25,-1.08176,0
-25,-1.080305,0
-25,-1.078874,0
-25,-1.078874,0
-25,-1.078864,0
-25,-1.077808,0
-25,-1.077808,0
-25,-1.077778,0
-25,-1.077778,0
-25,-1.078362,0
-25,-1.078362,0
-25,-1.078354,0
-25,-1.078354,0
-25,-1.078346,0
-25,-1.077461,0
-25,-1.077461,0
-25,-1.077443,0
-25,-1.077443,0
-25,-1.075993,0
-25,-1.075993,0
-25,-1.075986,0
-25,-1.076625,0
-25,-1.076625,0
-25,-1.076613,0
-25,-1.076613,0
-25,-1.073313,0
-25,-1.073313,0
-25,-1.073232,0
-25,-1.073224,0
-25,-1.070676,0
-25,-1.070646,0
-25,-1.070646,0
-25,-1.070634,0
-25,-1.070634,0
-25,-1.071077,0
-25,-1.071077,0
-25,-1.071058,0
-25,-1.071058,0
-25,-1.067971,0
-25,-1.067961,0
-25,-1.067952,0
-25,-1.067952,0
-25,-1.065066,0
-25,-1.065015,0
-25,-1.065015,0
-25,-1.065768,0
-25,-1.065768,0
-25,-1.067523,0
-25,-1.067523,0
-25,-1.068222,0
-25,-1.068222,0
-25,-1.068231,0
-25,-1.068219,0
-25,-1.068219,0
-25,-1.068377,0
-25,-1.068377,0
-25,-1.068363,0
-25,-1.068363,0
-25,-1.066766,0
-25,-1.200648,0
-25,-1.200648,0
-25,-1.216141,0
-25,-1.216141,0
-25,-1.216277,0
-25,-1.216277,0
-25,-1.21424,0
-25,-1.21424,0
-25,-1.214228,0
-25,-1.214216,0
-25,-1.214216,0
-25,-1.211476,0
25,-1.211476,0
25,-1.211456,0
25,-1.211456,0
25,-1.20794,0
25,-1.207923,0
25,-1.207923,0
25,-1.204214,0
25,-1.204214,0
25,0.911095,0
25,0.911095,0
25,1.167263,0
25,1.198936,0
25,1.198936,0
25,1.055292,0
25,1.055292,0
25,1.051648,0
25,1.051648,0
25,1.051199,0
25,1.049283,0
25,1.049283,0
25,1.048722,0
25,1.048722,0
25,1.048656,0
25,1.048656,0
25,1.048595,0
25,1.048595,0
25,1.047184,0
25,1.047104,0
25,1.047026,0
25,1.046972,0
25,1.046972,0
25,0.898956,0
25,0.898956,0
25,0.896638,0
25,0.896638,0
25,0.896419,0
25,0.89488,0
25,0.89488,0
25,0.762909,0
25,0.762909,0
25,0.742604,0
25,0.742604,0
25,0.742263,0
25,0.742196,0
25,0.742196,0
25,0.742153,0
25,0.742153,0
25,0.740729,0
25,0.740729,0
25,0.740656,0
25,0.740656,0
25,0.739941,0
25,0.610181,0
25,0.610181,0
25,0.594653,0
25,0.594653,0
25,0.592431,0
25,0.592431,0
25,0.592999,0
25,0.592999,0
25,0.592947,0
25,0.592676,0
25,0.592676,0
25,0.462704,0
25,0.462704,0
25,0.444069,0
25,0.444069,0
25,0.443717,0
25,0.443869,0
25,0.443869,0
25,0.44387,0
25,0.44387,0
25,0.443853,0
25,0.443853,0
25,0.314615,0
25,0.314615,0
25,0.29662,0
25,0.295936,0
25,0.295936,0
25,0.295909,0
25,0.295909,0
25,0.295362,0
25,0.295362,0
25,0.295075,0
25,0.295075,0
25,0.295156,0
25,0.295156,0
25,0.165692,0
25,0.14784,0
25,0.14784,0
25,0.147533,0
25,0.147533,0
25,0.147516,0
25,0.147516,0
25,0.147284,0
25,0.147234,0
25,0.147234,0
25,0.147121,0
25,0.147121,0
25,0.147118,0
25,0.147118,0
25,0.147247,0
25,0.147247,0
25,0.001986,0
25,-0.000229,0
25,-0.000229,0
25,-0.000267,0
25,-0.000267,0
25,-0.000266,0
25,-0.000266,0
25,-0.000262,0
25,-0.000256,0
25,-0.000256,0
25,-0.000248,0
25,-0.000248,0
25,-0.000245,0
25,-0.000245,0
25,-0.000238,0
25,-0.000232,0
25,-0.000232,0
25,-0.000225,0
25,-0.000225,0
25,-0.000216,0
25,-0.000216,0
25,-0.000209,0
25,-0.000209,0
25,-0.000206,0
25,-0.000206,0
25,-0.000203,0
25,-0.000197,0
25,-0.000197,0
25,-0.000191,0
25,-0.000191,0
25,-0.000188,0
25,-0.000188,0
25,0.129209,0
25,0.147094,0
25,0.147094,0
25,0.147356,0
25,0.147356,0
25,0.147336,0
25,0.147336,0
25,0.147357,0
25,0.147357,0
25,0.147365,0
25,0.147365,0
25,0.147388,0
25,0.147391,0
25,0.147391,0
25,0.147391,0
25,0.147391,0
25,0.14739,0
25,0.14739,0
25,0.147408,0
25,0.147409,0
25,0.147409,0
25,0.147464,0
25,0.147464,0
25,0.147468,0
25,0.147468,0
25,0.292889,0
25,0.294841,0
25,0.295076,0
25,0.295076,0
25,0.294981,0
25,0.306611,0
25,0.294788,0
25,0.294661,0
25,0.294661,0
25,0.294894,0
25,0.294894,0
25,0.294888,0
25,0.294851,0
25,0.294851,0
25,0.295107,0
25,0.295107,0
25,0.295138,0
25,0.295138,0
25,0.294922,0
25,0.294922,0
25,0.294865,0
25,0.294842,0
25,0.294842,0
25,0.294104,0
25,0.294104,0
25,0.423185,0
25,0.423185,0
25,0.44085,0
25,0.44085,0
25,0.441082,0
25,0.441443,0
25,0.441443,0
25,0.441455,0
25,0.441455,0
25,0.441524,0
25,0.441524,0
25,0.441505,0
25,0.44084,0
25,0.440188,0
25,0.440122,0
25,0.440122,0
25,0.440109,0
25,0.440109,0
25,0.439572,0
25,0.439572,0
25,0.439558,0
25,0.439558,0
25,0.439894,0
25,0.439914,0
25,0.439914,0
25,0.439933,0
25,0.439933,0
25,0.439915,0
25,0.439915,0
25,0.568574,0
25,0.568574,0
25,0.58416,0
25,0.586931,0
25,0.586931,0
25,0.586979,0
25,0.586979,0
25,0.587851,0
25,0.587851,0
25,0.587874,0
25,0.587877,0
25,0.587877,0
25,0.588504,0
25,0.588504,0
25,0.589499,0
25,0.589499,0
25,0.589526,0
25,0.590089,0
25,0.590089,0
25,0.590607,0
25,0.590607,0
25,0.590732,0
25,0.590732,0
25,0.590478,0
25,0.590442,0
25,0.590442,0
25,0.589785,0
25,0.589785,0
25,0.589742,0
25,0.589742,0
25,0.58976,0
25,0.58976,0
25,0.589762,0
25,0.589762,0
25,0.589752,0
25,0.603833,0
25,0.662489,0
25,0.699735,0
25,0.699735,0
25,0.592999,0
25,0.592999,0
25,0.735982,0
25,0.735982,0
25,0.609112,0
25,0.609112,0
25,0.593174,0
25,0.735943,0
25,0.735943,0
25,0.738068,0
25,0.738068,0
25,0.738941,0
25,0.738941,0
25,0.738928,0
25,0.74157,0
25,0.74157,0
25,0.74164,0
25,0.74164,0
25,0.741626,0
25,0.741626,0
25,0.741617,0
25,0.741617,0
25,0.7416,0
25,0.742044,0
25,0.742044,0
25,0.744211,0
25,0.744211,0
25,0.744408,0
25,0.744408,0
25,0.744404,0
25,0.744404,0
25,0.746338,0
25,0.746338,0
25,0.746386,0
25,0.746377,0
25,0.746377,0
25,0.746988,0
25,0.746988,0
25,0.747364,0
25,0.747364,0
25,0.747661,0
25,0.747655,0
25,0.747655,0
25,0.748524,0
25,0.748524,0
25,0.880082,0
25,0.880082,0
25,0.766704,0
25,0.766704,0
25,0.748369,0
25,0.748369,0
25,0.748306,0
25,0.748306,0
25,0.748306,0
25,0.896156,0
25,0.896156,0
25,0.898376,0
25,0.898376,0
25,0.898442,0
25,0.898433,0
25,0.898433,0
25,0.898418,0
25,0.898418,0
25,0.897623,0
25,0.897623,0
25,0.895425,0
25,0.895425,0
25,0.893637,0
25,0.893637,0
25,0.893631,0
25,0.893631,0
25,0.892963,0
25,0.893351,0
25,0.893351,0
25,0.89336,0
25,0.89336,0
25,1.024154,0
25,1.024154,0
25,0.911912,0
25,0.911912,0
25,0.893878,0
25,1.02576,0
25,1.02576,0
25,1.043839,0
25,1.043839,0
25,1.045238,0
25,1.045238,0
25,1.046397,0
25,1.046389,0
25,1.046389,0
25,1.046925,0
25,1.046925,0
25,1.04693,0
25,1.04693,0
25,1.048961,0
25,1.048961,0
25,1.049762,0
25,1.051594,0
25,1.051594,0
25,1.051578,0
25,1.051578,0
25,1.051652,0
25,1.051652,0
25,1.051646,0
25,1.051646,0
25,1.052214,0
25,1.052214,0
25,1.052215,0
25,1.052976,0
25,1.052976,0
25,1.052977,0
25,1.052977,0
25,1.052971,0
25,1.052971,0
25,1.054811,0
25,1.054811,0
25,1.054802,0
25,1.054802,0
25,1.053851,0
25,1.202401,0
25,1.202401,0
25,1.201025,0
25,1.201025,0
25,1.201248,0
25,1.201248,0
25,1.202537,0
25,1.202537,0
25,1.202549,0
25,1.20254,0
25,1.205167,0
25,1.205191,0
25,1.205191,0
25,1.205175,0
25,1.205175,0
25,1.206239,0
25,1.206239,0
25,1.207319,0
25,1.207315,0
25,1.207315,0
25,1.207309,0
25,1.207309,0
25,1.211415,0
25,1.211415,0
25,1.211458,0
25,1.212803,0
25,1.212803,0
25,1.212784,0
25,1.212784,0
25,1.210177,0
25,1.210177,0
25,1.207689,0
25,1.207681,0
25,1.207681,0
25,1.205728,0
25,1.205728,0
25,1.205719,0
25,1.205719,0
25,1.20911,0
25,1.20911,0
25,1.209106,0
25,1.209106,0
25,1.210012,0
25,1.210006,0
25,1.210006,0
25,1.208732,0
25,1.208732,0
25,1.34146,0
25,1.34146,0
25,1.360632,0
25,1.360871,0
25,1.360871,0
25,1.360893,0
25,1.360893,0
25,1.23142,0
25,1.23142,0
25,1.346253,0
25,1.346253,0
25,1.364579,0
25,1.364597,0
25,1.364597,0
25,1.368381,0
25,1.368381,0
25,1.368377,0
25,1.36837,0
25,1.36837,0
25,1.373455,0
25,1.373455,0
25,1.373441,0
25,1.373441,0
25,1.372365,0
25,1.372365,0
25,1.372326,0
25,1.365903,0
25,1.365903,0
25,1.365891,0
25,1.365891,0
25,1.361747,0
25,1.361747,0
25,1.361232,0
25,1.361232,0
25,1.360726,0
25,1.36072,0
25,1.36072,0
25,1.36,0
25,1.36,0
25,1.359987,0
25,1.371552,0
25,1.359972,0
25,1.360333,0
25,1.360333,0
25,1.360583,0
25,1.360583,0
25,1.365833,0
25,1.365833,0
25,1.365829,0
25,1.366603,0
25,1.366603,0
25,1.36659,0
25,1.36659,0
25,1.363445,0
25,1.363445,0
25,1.363409,0
25,1.363401,0
25,1.363401,0
25,1.360183,0
25,1.360183,0
25,1.360495,0
25,1.360495,0
25,1.360804,0
25,1.360804,0
25,1.357656,0
25,1.357656,0
25,1.354527,0
25,1.354523,0
25,1.354523,0
25,1.35334,0
25,1.35334,0
25,1.485424,0
25,1.50369,0
25,1.50369,0
25,1.502489,0
25,1.502489,0
25,1.502474,0
25,1.502474,0
25,1.500455,0
25,1.500455,0
25,1.500448,0
25,1.504861,0
-25,1.504861,0
-25,1.504878,0
-25,1.504878,0
-25,1.511455,0
-25,1.511455,0
-25,1.511443,0
-25,1.51144,0
-25,1.51144,0
-25,1.367432,0
-25,1.367432,0
-25,1.493345,0
-25,1.493345,0
-25,1.509599,0
-25,1.509599,0
-25,1.353468,0
-25,1.353192,0
-25,1.353192,0
-25,1.353186,0
-25,1.353186,0
-25,1.352544,0
-25,1.352544,0
-25,-1.024096,0
-25,-1.358063,0
-25,-1.358063,0
-25,-1.362891,0
-25,-1.362891,0
-25,-1.366734,0
-25,-1.366734,0
-25,-1.233747,0
-25,-1.233747,0
-25,-1.217296,0
-25,-1.376019,0
-25,-1.214691,0
-25,-1.213859,0
-25,-1.213859,0
-25,-1.215657,0
-25,-1.215657,0
-25,-1.215534,0
-25,-1.215534,0
-25,-1.215486,0
-25,-1.215424,0
-25,-1.215424,0
-25,-1.066827,0
-25,-1.066827,0
-25,-1.064469,0
-25,-1.064469,0
-25,-1.062997,0
-25,-1.062934,0
-25,-1.062872,0
-25,-1.062825,0
-25,-1.062825,0
-25,-1.063513,0
-25,-1.063513,0
-25,-0.913867,0
-25,-0.913867,0
-25,-0.910403,0
-25,-0.910403,0
-25,-0.910303,0
-25,-0.910579,0
-25,-0.910579,0
-25,-0.779014,0
-25,-0.779014,0
-25,-0.762605,0
-25,-0.762605,0
-25,-0.760563,0
-25,-0.760293,0
-25,-0.760293,0
-25,-0.759482,0
-25,-0.759482,0
-25,-0.759438,0
-25,-0.759438,0
-25,-0.760775,0
-25,-0.760775,0
-25,-0.760749,0
-25,-0.760837,0
-25,-0.760837,0
-25,-0.610901,0
-25,-0.610901,0
-25,-0.608283,0
-25,-0.608283,0
-25,-0.60821,0
-25,-0.608197,0
-25,-0.608197,0
-25,-0.607837,0
-25,-0.607837,0
-25,-0.474478,0
-25,-0.474478,0
-25,-0.456304,0
-25,-0.456304,0
-25,-0.456016,0
-25,-0.455772,0
-25,-0.455772,0
-25,-0.455732,0
-25,-0.455732,0
-25,-0.455689,0
-25,-0.455689,0
-25,-0.45591,0
-25,-0.455903,0
-25,-0.456113,0
-25,-0.456113,0
-25,-0.456113,0
-25,-0.306246,0
-25,-0.306246,0
-25,-0.303815,0
-25,-0.303815,0
-25,-0.303668,0
-25,-0.303668,0
-25,-0.303434,0
-25,-0.303423,0
-25,-0.303423,0
-25,-0.303397,0
-25,-0.303397,0
-25,-0.303393,0
-25,-0.303393,0
-25,-0.303539,0
-25,-0.1703,0
-25,-0.1703,0
-25,-0.153899,0
-25,-0.153899,0
-25,-0.151672,0
-25,-0.151672,0
-25,-0.151636,0
-25,-0.151544,0
-25,-0.151544,0
-25,-0.151533,0
-25,-0.151533,0
-25,-0.018315,0
-25,-0.018315,0
-25,0.000083,0
-25,0.000083,0
-25,0.000352,0
-25,0.000347,0
-25,0.000347,0
-25,0.000342,0
-25,0.000342,0
-25,0.000333,0
-25,0.000333,0
-25,0.000324,0
-25,0.000324,0
-25,0.000314,0
-25,0.000309,0
-25,0.000309,0
-25,0.0003,0
-25,0.0003,0
-25,0.00029,0
-25,0.00029,0
-25,0.000281,0
-25,0.000277,0
-25,0.000273,0
-25,-0.132716,0
-25,-0.132716,0
-25,-0.151077,0
-25,-0.151077,0
-25,-0.151338,0
-25,-0.151338,0
-25,-0.151403,0
-25,-0.151415,0
-25,-0.151415,0
-25,-0.151467,0
-25,-0.151467,0
-25,-0.151486,0
-25,-0.151486,0
-25,-0.151466,0
-25,-0.151466,0
-25,-0.151397,0
-25,-0.151348,0
-25,-0.151348,0
-25,-0.151318,0
-25,-0.151318,0
-25,-0.151282,0
-25,-0.151282,0
-25,-0.15126,0
-25,-0.15126,0
-25,-0.151317,0
-25,-0.151317,0
-25,-0.151318,0
-25,-0.284268,0
-25,-0.284268,0
-25,-0.300559,0
-25,-0.300559,0
-25,-0.302801,0
-25,-0.302801,0
-25,-0.302795,0
-25,-0.302766,0
-25,-0.302766,0
-25,-0.302607,0
-25,-0.302607,0
-25,-0.302583,0
-25,-0.302583,0
-25,-0.30257,0
-25,-0.30257,0
-25,-0.302718,0
-25,-0.302714,0
-25,-0.302714,0
-25,-0.302749,0
-25,-0.302749,0
-25,-0.302736,0
-25,-0.302736,0
-25,-0.302441,0
-25,-0.302432,0
-25,-0.302427,0
-25,-0.302427,0
-25,-0.302528,0
-25,-0.302528,0
-25,-0.30256,0
-25,-0.30256,0
-25,-0.452291,0
-25,-0.452291,0
-25,-0.454572,0
-25,-0.454089,0
-25,-0.454089,0
-25,-0.454003,0
-25,-0.454003,0
-25,-0.453993,0
-25,-0.453993,0
-25,-0.45289,0
-25,-0.452873,0
-25,-0.452873,0
-25,-0.453392,0
-25,-0.453392,0
-25,-0.453383,0
-25,-0.453383,0
-25,-0.45384,0
-25,-0.45384,0
-25,-0.453123,0
-25,-0.453098,0
-25,-0.453098,0
-25,-0.453086,0
-25,-0.453086,0
-25,-0.453076,0
-25,-0.463425,0
-25,-0.452313,0
-25,-0.452084,0
-25,-0.452084,0
-25,-0.452609,0
-25,-0.452609,0
-25,-0.451745,0
-25,-0.451745,0
-25,-0.451208,0
-25,-0.451192,0
-25,-0.451192,0
-25,-0.450782,0
-25,-0.450782,0
-25,-0.450741,0
-25,-0.460132,0
-25,-0.450658,0
-25,-0.525456,0
-25,-0.525456,0
-25,-0.468448,0
-25,-0.468448,0
-25,-0.451688,0
-25,-0.451688,0
-25,-0.599869,0
-25,-0.600017,0
-25,-0.600017,0
-25,-0.600033,0
-25,-0.600025,0
-25,-0.600025,0
-25,-0.598414,0
-25,-0.598331,0
-25,-0.598331,0
-25,-0.598714,0
-25,-0.598714,0
-25,-0.598743,0
-25,-0.598743,0
-25,-0.598735,0
-25,-0.60049,0
-25,-0.60049,0
-25,-0.600473,0
-25,-0.600473,0
-25,-0.59796,0
-25,-0.59796,0
-25,-0.597943,0
-25,-0.606413,0
-25,-0.593391,0
-25,-0.592239,0
-25,-0.592239,0
-25,-0.743497,0
-25,-0.743497,0
-25,-0.743624,0
-25,-0.743624,0
-25,-0.745356,0
-25,-0.745376,0
-25,-0.745376,0
-25,-0.745367,0
-25,-0.745367,0
-25,-0.742837,0
-25,-0.742837,0
-25,-0.74283,0
-25,-0.74283,0
-25,-0.74043,0
-25,-0.740432,0
-25,-0.740438,0
-25,-0.740438,0
-25,-0.742736,0
-25,-0.742817,0
-25,-0.742817,0
-25,-0.744452,0
-25,-0.744452,0
-25,-0.744491,0
-25,-0.744491,0
-25,-0.742876,0
-25,-0.742876,0
-25,-0.742808,0
-25,-0.739397,0
-25,-0.739397,0
-25,-0.739403,0
-25,-0.739403,0
-25,-0.868158,0
-25,-0.868158,0
-25,-0.886061,0
-25,-0.886061,0
-25,-0.886319,0
-25,-0.886319,0
-25,-0.886312,0
-25,-0.886307,0
-25,-0.886307,0
-25,-0.885019,0
-25,-0.884981,0
-25,-0.884981,0
-25,-0.884971,0
-25,-0.884971,0
-25,-0.883632,0
-25,-0.883632,0
-25,-0.883625,0
-25,-0.883625,0
-25,-0.883599,0
-25,-0.883595,0
-25,-0.883595,0
-25,-0.884185,0
-25,-0.884185,0
-25,-0.884203,0
-25,-0.884203,0
-25,-0.885952,0
-25,-0.885952,0
-25,-0.885989,0
-25,-0.885987,0
-25,-0.885987,0
-25,-1.015028,0
-25,-1.015028,0
-25,-0.903247,0
-25,-0.903247,0
-25,-0.882211,0
-25,-0.881973,0
-25,-0.881973,0
-25,-0.878952,0
-25,-0.878952,0
-25,-0.8789,0
-25,-0.8789,0
-25,-0.878783,0
-25,-0.878796,0
-25,-1.007508,0
-25,-1.025992,0
-25,-1.025992,0
-25,-1.026459,0
-25,-1.026459,0
-25,-1.024916,0
-25,-1.024916,0
-25,-1.023402,0
-25,-1.023395,0
-25,-1.023395,0
-25,-1.022711,0
-25,-1.022711,0
-25,-1.022686,0
-25,-1.022686,0
-25,-1.021009,0
-25,-1.019555,0
-25,-1.019513,0
-25,-1.019505,0
-25,-1.019505,0
-25,-1.014975,0
-25,-1.014975,0
-25,-1.012913,0
-25,-1.012913,0
-25,-1.012909,0
-25,-1.012902,0
-25,-1.012902,0
-25,-1.014827,0
-25,-1.014827,0
-25,-1.014844,0
-25,-1.014844,0
-25,-1.016008,0
-25,-1.016021,0
-25,-1.016021,0
-25,-1.016016,0
-25,-1.016016,0
-25,-1.017846,0
-25,-1.017846,0
-25,-1.018495,0
-25,-1.018495,0
-25,-1.017446,0
-25,-1.017446,0
-25,-1.017439,0
-25,-1.017439,0
-25,-1.016071,0
-25,-1.016065,0
-25,-1.016065,0
-25,-1.013377,0
-25,-1.013377,0
-25,-1.013372,0
-25,-1.013372,0
-25,-1.008656,0
-25,-1.008656,0
-25,-1.008567,0
-25,-1.003732,0
-25,-1.003732,0
-25,-1.003656,0
-25,-1.003656,0
-25,-1.003652,0
-25,-1.003652,0
-25,-1.001768,0
-25,-1.001768,0
-25,-1.00176,0
-25,-1.002102,0
-25,-1.002102,0
-25,-1.002094,0
-25,-1.002094,0
-25,-1.132715,0
-25,-1.132715,0
-25,-1.150243,0
-25,-1.150243,0
-25,-1.151233,0
-25,-1.151215,0
-25,-1.151215,0
-25,-1.151208,0
-25,-1.15033,0
-25,-1.150315,0
-25,-1.150315,0
-25,-1.008448,0
-25,-1.008448,0
-25,-1.134175,0
-25,-1.134175,0
-25,-1.027043,0
-25,-1.013457,0
-25,-1.013457,0
-25,-1.013222,0
-25,-1.013222,0
-25,-1.137102,0
-25,-1.137102,0
-25,-1.154936,0
-25,-1.011402,0
-25,-1.011402,0
-25,-1.009468,0
-25,-1.009468,0
-25,-1.151486,0
-25,-1.151486,0
-25,-1.025224,0
-25,-1.003893,0
-25,-1.003893,0
-25,-1.129655,0
-25,-1.129655,0
-25,-1.145114,0
-25,-1.145114,0
-25,-1.14168,0
-25,-1.141699,0
-25,-1.141699,0
-25,-1.13879,0
-25,-1.13879,0
-25,-1.138779,0
-25,-1.138779,0
-25,-1.139484,0
-25,-1.139484,0
-25,-1.139471,0
-25,-1.139471,0
-25,-1.13856,0
-25,-1.138336,0
-25,-1.138336,0
-25,-1.140234,0
-25,-1.140234,0
-25,-1.14086,0
-25,-1.14086,0
-25,-1.141402,0
-25,-1.141402,0
-25,-1.141388,0
-25,-1.138659,0
-25,-1.138659,0
-25,-1.138613,0
-25,-1.138613,0
-25,-1.13517,0
-25,-1.13517,0
-25,-1.135121,0
-25,-1.139452,0
-25,-1.133957,0
-25,-1.131611,0
-25,-1.131611,0
-25,-1.13176,0
-25,-1.13176,0
-25,-1.131361,0
-25,-1.133584,0
-25,-1.129494,0
-25,-1.129494,0
-25,-1.127922,0
-25,-1.129118,0
-25,-1.125966,0
-25,-1.124526,0
-25,-1.124526,0
-25,-1.12465,0
-25,-1.12465,0
-25,-1.128925,0
-25,-1.128925,0
25,-1.128981,0
25,-1.137342,0
25,-1.129893,0
25,-1.131015,0
25,-1.131015,0
25,-1.131133,0
25,-1.131133,0
25,-1.129927,0
25,-1.129927,0
25,-1.129929,0
25,-1.134617,0
25,-1.129598,0
25,-1.129598,0
25,-1.129598,0
25,1.110921,0
25,1.110921,0
25,1.131192,0
25,1.131192,0
25,1.132014,0
25,1.132014,0
25,1.008096,0
25,0.990841,0
25,0.990841,0
25,0.988216,0
25,0.988216,0
25,0.988089,0
25,0.988089,0
25,0.984648,0
25,0.984591,0
25,0.984536,0
25,0.984536,0
25,0.844416,0
25,0.844416,0
25,0.840462,0
25,0.840304,0
25,0.840304,0
25,0.840257,0
25,0.840257,0
25,0.839654,0
25,0.839654,0
25,0.839595,0
25,0.839505,0
25,0.839505,0
25,0.701635,0
25,0.701635,0
25,0.699472,0
25,0.699472,0
25,0.699339,0
25,0.699339,0
25,0.6993,0
25,0.758038,0
25,0.56094,0
25,0.56094,0
25,0.559068,0
25,0.559207,0
25,0.559207,0
25,0.55911,0
25,0.55911,0
25,0.559604,0
25,0.559604,0
25,0.559574,0
25,0.559546,0
25,0.559546,0
25,0.419817,0
25,0.419817,0
25,0.41951,0
25,0.41951,0
25,0.419474,0
25,0.419474,0
25,0.41945,0
25,0.419175,0
25,0.419175,0
25,0.419117,0
25,0.419117,0
25,0.419313,0
25,0.419313,0
25,0.419306,0
25,0.419306,0
25,0.296713,0
25,0.279863,0
25,0.279863,0
25,0.27958,0
25,0.27958,0
25,0.279468,0
25,0.279468,0
25,0.279446,0
25,0.279713,0
25,0.279713,0
25,0.279699,0
25,0.279699,0
25,0.156908,0
25,0.141769,0
25,0.141769,0
25,0.139897,0
25,0.13948,0
25,0.13948,0
25,0.139407,0
25,0.139407,0
25,0.139283,0
25,0.139283,0
25,0.139234,0
25,0.139226,0
25,0.139226,0
25,-0.000173,0
25,-0.000173,0
25,-0.000204,0
25,-0.000204,0
25,-0.000208,0
25,-0.000209,0
25,-0.000209,0
25,-0.000208,0
25,-0.000208,0
25,-0.000205,0
25,-0.000205,0
25,-0.000201,0
25,-0.000201,0
25,-0.000199,0
25,-0.000194,0
25,-0.000194,0
25,-0.000189,0
25,-0.000189,0
25,-0.000184,0
25,-0.000184,0
25,-0.000179,0
25,-0.000177,0
25,-0.000177,0
25,-0.000172,0
25,-0.000172,0
25,0.121935,0
25,0.121935,0
25,0.138776,0
25,0.138995,0
25,0.139022,0
25,0.139026,0
25,0.139026,0
25,0.139031,0
25,0.139031,0
25,0.139089,0
25,0.139089,0
25,0.139118,0
25,0.139118,0
25,0.139249,0
25,0.139303,0
25,0.139303,0
25,0.139306,0
25,0.139306,0
25,0.139366,0
25,0.139366,0
25,0.139332,0
25,0.139332,0
25,0.13932,0
25,0.139359,0
25,0.139359,0
25,0.261788,0
25,0.261788,0
25,0.276872,0
25,0.278723,0
25,0.278723,0
25,0.27912,0
25,0.27912,0
25,0.279113,0
25,0.279113,0
25,0.278807,0
25,0.278807,0
25,0.278788,0
25,0.278491,0
25,0.278491,0
25,0.278479,0
25,0.278479,0
25,0.278639,0
25,0.278639,0
25,0.278607,0
25,0.278607,0
25,0.278583,0
25,0.278574,0
25,0.278574,0
25,0.278568,0
25,0.278568,0
25,0.278269,0
25,0.278269,0
25,0.278256,0
25,0.278256,0
25,0.278284,0
25,0.27828,0
25,0.27828,0
25,0.278542,0
25,0.278542,0
25,0.278542,0
25,0.278542,0
25,0.278657,0
25,0.278657,0
25,0.278652,0
25,0.278652,0
25,0.278199,0
25,0.277702,0
25,0.277702,0
25,0.413983,0
25,0.413983,0
25,0.415781,0
25,0.415781,0
25,0.416017,0
25,0.416017,0
25,0.415849,0
25,0.415656,0
25,0.415656,0
25,0.414665,0
25,0.414665,0
25,0.414652,0
25,0.414652,0
25,0.414079,0
25,0.414079,0
25,0.413788,0
25,0.413601,0
25,0.413601,0
25,0.413578,0
25,0.413578,0
25,0.413567,0
25,0.413567,0
25,0.413789,0
25,0.413789,0
25,0.413773,0
25,0.412953,0
25,0.412953,0
25,0.547407,0
25,0.547407,0
25,0.549071,0
25,0.549071,0
25,0.547793,0
25,0.547793,0
25,0.547183,0
25,0.547142,0
25,0.547142,0
25,0.547128,0
25,0.547128,0
25,0.547197,0
25,0.547351,0
25,0.547351,0
25,0.54787,0
25,0.54787,0
25,0.54785,0
25,0.54785,0
25,0.547924,0
25,0.547924,0
25,0.547914,0
25,0.548147,0
25,0.548147,0
25,0.668681,0
25,0.668681,0
25,0.687012,0
25,0.687012,0
25,0.687268,0
25,0.687268,0
25,0.687274,0
25,0.686737,0
25,0.686737,0
25,0.686713,0
25,0.686713,0
25,0.687084,0
25,0.687084,0
25,0.688928,0
25,0.690756,0
25,0.690807,0
25,0.690862,0
25,0.690862,0
25,0.690845,0
25,0.690845,0
25,0.690807,0
25,0.703901,0
25,0.689933,0
25,0.687798,0
25,0.687798,0
25,0.689457,0
25,0.689457,0
25,0.690792,0
25,0.690792,0
25,0.690846,0
25,0.814552,0
25,0.814552,0
25,0.829575,0
25,0.852846,0
25,0.83178,0
25,0.83178,0
25,0.831255,0
25,0.83176,0
25,0.83176,0
25,0.829496,0
25,0.829496,0
25,0.832057,0
25,0.832057,0
25,0.832094,0
25,0.832081,0
25,0.832081,0
25,0.831508,0
25,0.831508,0
25,0.831462,0
25,0.845818,0
25,0.830391,0
25,0.827971,0
25,0.827971,0
25,0.829469,0
25,0.829469,0
25,0.830601,0
25,0.830601,0
25,0.831427,0
25,0.831427,0
25,0.832183,0
25,0.832916,0
25,0.832916,0
25,0.833617,0
25,0.833617,0
25,0.833602,0
25,0.833602,0
25,0.834002,0
25,0.850477,0
25,0.835399,0
25,0.83677,0
25,0.83677,0
25,0.959574,0
25,0.959574,0
25,0.978317,0
25,0.978317,0
25,0.978554,0
25,0.978554,0
25,0.978543,0
25,0.995035,0
25,0.973684,0
25,0.972781,0
25,0.972781,0
25,0.975631,0
25,0.975631,0
25,0.975809,0
25,0.975809,0
25,0.975981,0
25,0.97595,0
25,0.97595,0
25,0.973575,0
25,0.973575,0
25,0.973537,0
25,0.991133,0
25,0.973847,0
25,0.97537,0
25,0.97537,0
25,0.976753,0
25,0.976753,0
25,0.976743,0
25,0.976743,0
25,0.977195,0
25,0.977195,0
25,1.099735,0
25,1.114791,0
25,1.114791,0
25,1.117016,0
25,1.117016,0
25,1.117017,0
25,1.117017,0
25,1.120093,0
25,1.120117,0
25,1.120117,0
25,1.121813,0
25,1.121813,0
25,1.122666,0
25,1.122666,0
25,1.122473,0
25,1.122473,0
25,1.122432,0
25,1.122432,0
25,1.126034,0
25,1.12953,0
25,1.12953,0
25,1.132343,0
25,1.132343,0
25,1.132364,0
25,1.132364,0
25,1.132353,0
25,1.148552,0
25,1.131702,0
25,1.131702,0
25,1.13139,0
25,1.127887,0
25,1.127887,0
25,1.12781,0
25,1.12781,0
25,1.123843,0
25,1.123843,0
25,1.123821,0
25,1.123821,0
25,1.124667,0
25,1.124667,0
25,1.124648,0
25,1.127424,0
25,1.127424,0
25,1.127414,0
25,1.127414,0
25,1.127405,0
25,1.129766,0
25,1.129766,0
25,1.129785,0
25,1.129785,0
25,1.132426,0
25,1.132426,0
25,1.272104,0
25,1.272104,0
25,1.273975,0
25,1.136221,0
25,1.136221,0
25,1.134092,0
25,1.134092,0
25,1.131351,0
25,1.131351,0
25,1.252458,0
25,1.252458,0
25,1.267653,0
25,1.145649,0
25,1.145649,0
25,1.128214,0
25,1.128214,0
25,1.26706,0
25,1.26706,0
25,1.268577,0
25,1.268594,0
25,1.268594,0
25,1.265967,0
25,1.265967,0
25,1.265918,0
25,1.265918,0
25,1.265642,0
25,1.265638,0
25,1.265638,0
25,1.265619,0
25,1.265619,0
25,1.266216,0
25,1.266216,0
25,1.266639,0
25,1.267066,0
25,1.267066,0
25,1.267057,0
25,1.267057,0
25,1.268704,0
25,1.268704,0
25,1.268735,0
25,1.275602,0
25,1.275602,0
25,1.282372,0
25,1.282372,0
25,1.282362,0
25,1.282362,0
25,1.288236,0
25,1.288236,0
25,1.288226,0
25,1.286177,0
25,1.286177,0
25,1.286136,0
25,1.286136,0
25,1.281343,0
25,1.281343,0
25,1.281289,0
25,1.279492,0
25,1.279492,0
25,1.279479,0
25,1.279479,0
25,1.282904,0
25,1.282904,0
25,1.282899,0
25,1.282899,0
25,1.287972,0
25,1.287972,0
25,1.28797,0
25,1.289242,0
25,1.289242,0
25,1.289245,0
25,1.289245,0
25,1.289239,0
25,1.289239,0
25,1.287175,0
25,1.287175,0
25,1.286479,0
25,1.286469,0
25,1.286469,0
25,1.28745,0
25,1.28745,0
25,1.287466,0
25,1.287466,0
25,1.287465,0
25,1.287465,0
25,1.290521,0
25,1.29055,0
25,1.29055,0
25,1.290549,0
25,1.290549,0
25,1.417633,0
25,1.417633,0
25,1.308923,0
25,1.308923,0
25,1.294992,0
25,1.42645,0
25,1.42645,0
25,1.442114,0
25,1.442114,0
25,1.444206,0
25,1.444206,0
-25,1.444198,0
-25,1.317281,0
-25,1.317281,0
-25,1.301651,0
-25,1.301651,0
-25,1.297819,0
-25,1.297819,0
-25,1.297792,0
-25,1.30109,0
-25,1.30109,0
-25,1.301091,0
-25,1.301091,0
-25,1.302727,0
-25,1.302727,0
-25,1.303715,0
-25,1.302819,0
-25,1.302819,0
-25,1.430658,0
-25,1.430658,0
-25,1.320406,0
-25,1.320406,0
-25,1.304729,0
-25,1.304473,0
-25,1.304473,0
-25,1.301426,0
-25,1.301426,0
-25,1.301428,0
-25,1.301428,0
-25,1.297442,0
-25,1.297442,0
-25,1.296471,0
-25,1.300023,0
-25,1.300023,0
-25,-0.984593,0
-25,-0.984593,0
-25,-1.266237,0
-25,-1.266237,0
-25,-1.30474,0
-25,-1.30516,0
-25,-1.30516,0
-25,-1.162875,0
-25,-1.162875,0
-25,-1.160877,0
-25,-1.160877,0
-25,-1.160141,0
-25,-1.159991,0
-25,-1.159991,0
-25,-1.160527,0
-25,-1.160527,0
-25,-1.160689,0
-25,-1.160689,0
-25,-1.160557,0
-25,-1.035197,0
-25,-1.035197,0
-25,-1.017475,0
-25,-1.017475,0
-25,-1.019285,0
-25,-1.019285,0
-25,-1.019266,0
-25,-1.019266,0
-25,-1.019055,0
-25,-1.017829,0
-25,-1.017829,0
-25,-0.877097,0
-25,-0.877097,0
-25,-0.875187,0
-25,-0.875187,0
-25,-0.874844,0
-25,-0.877133,0
-25,-0.877133,0
-25,-0.87706,0
-25,-0.87706,0
-25,-0.748942,0
-25,-0.748942,0
-25,-0.733164,0
-25,-0.733164,0
-25,-0.732092,0
-25,-0.732092,0
-25,-0.73268,0
-25,-0.733971,0
-25,-0.733971,0
-25,-0.733935,0
-25,-0.733935,0
-25,-0.589293,0
-25,-0.589293,0
-25,-0.587346,0
-25,-0.587346,0
-25,-0.586924,0
-25,-0.586886,0
-25,-0.586886,0
-25,-0.586351,0
-25,-0.586351,0
-25,-0.586302,0
-25,-0.586302,0
-25,-0.457664,0
-25,-0.483924,0
-25,-0.43852,0
-25,-0.438075,0
-25,-0.438075,0
-25,-0.43806,0
-25,-0.43806,0
-25,-0.438053,0
-25,-0.461645,0
-25,-0.437996,0
-25,-0.365619,0
-25,-0.365619,0
-25,-0.29359,0
-25,-0.29359,0
-25,-0.292337,0
-25,-0.292337,0
-25,-0.291924,0
-25,-0.291924,0
-25,-0.291916,0
-25,-0.29163,0
-25,-0.29163,0
-25,-0.291591,0
-25,-0.291591,0
-25,-0.16356,0
-25,-0.165772,0
-25,-0.14583,0
-25,-0.145645,0
-25,-0.145645,0
-25,-0.145528,0
-25,-0.145528,0
-25,-0.145536,0
-25,-0.145536,0
-25,-0.145539,0
-25,-0.145503,0
-25,-0.145503,0
-25,-0.017631,0
-25,-0.017631,0
-25,0.000033,0
-25,0.000033,0
-25,0.000285,0
-25,0.000285,0
-25,0.000283,0
-25,0.000271,0
-25,0.000271,0
-25,0.00026,0
-25,0.00026,0
-25,0.00025,0
-25,0.00025,0
-25,0.000245,0
-25,0.007429,0
-25,0.000082,0
-25,0.000232,0
-25,0.000232,0
-25,-0.127277,0
-25,-0.127277,0
-25,-0.143116,0
-25,-0.14615,0
-25,-0.145151,0
-25,-0.145162,0
-25,-0.145162,0
-25,-0.145228,0
-25,-0.145228,0
-25,-0.145224,0
-25,-0.145224,0
-25,-0.145272,0
-25,-0.145272,0
-25,-0.145276,0
-25,-0.145332,0
-25,-0.145332,0
-25,-0.145357,0
-25,-0.145357,0
-25,-0.145355,0
-25,-0.145355,0
-25,-0.145345,0
-25,-0.145345,0
-25,-0.145344,0
-25,-0.272596,0
-25,-0.272596,0
-25,-0.290675,0
-25,-0.290675,0
-25,-0.291043,0
-25,-0.291043,0
-25,-0.291034,0
-25,-0.291034,0
-25,-0.290795,0
-25,-0.290795,0
-25,-0.290781,0
-25,-0.290805,0
-25,-0.290805,0
-25,-0.290801,0
-25,-0.290801,0
-25,-0.290797,0
-25,-0.290797,0
-25,-0.290566,0
-25,-0.290566,0
-25,-0.417741,0
-25,-0.435296,0
-25,-0.435296,0
-25,-0.435524,0
-25,-0.435524,0
-25,-0.435565,0
-25,-0.435565,0
-25,-0.435552,0
-25,-0.435552,0
-25,-0.435896,0
-25,-0.435887,0
-25,-0.435887,0
-25,-0.435878,0
-25,-0.435878,0
-25,-0.435509,0
-25,-0.435509,0
-25,-0.43549,0
-25,-0.43549,0
-25,-0.435396,0
-25,-0.43539,0
-25,-0.43539,0
-25,-0.435665,0
-25,-0.435665,0
-25,-0.435663,0
-25,-0.435663,0
-25,-0.435113,0
-25,-0.435056,0
-25,-0.435003,0
-25,-0.434993,0
-25,-0.434993,0
-25,-0.43446,0
-25,-0.43446,0
-25,-0.434447,0
-25,-0.434447,0
-25,-0.561564,0
-25,-0.577198,0
-25,-0.579118,0
-25,-0.451169,0
-25,-0.451169,0
-25,-0.560352,0
-25,-0.560352,0
-25,-0.57642,0
-25,-0.57642,0
-25,-0.576606,0
-25,-0.576105,0
-25,-0.576105,0
-25,-0.576087,0
-25,-0.576087,0
-25,-0.576479,0
-25,-0.576479,0
-25,-0.576489,0
-25,-0.576481,0
-25,-0.576481,0
-25,-0.575853,0
-25,-0.575853,0
-25,-0.575829,0
-25,-0.575829,0
-25,-0.573742,0
-25,-0.573742,0
-25,-0.573721,0
-25,-0.57277,0
-25,-0.57277,0
-25,-0.572727,0
-25,-0.572727,0
-25,-0.573049,0
-25,-0.573049,0
-25,-0.573043,0
-25,-0.571675,0
-25,-0.571675,0
-25,-0.710398,0
-25,-0.710398,0
-25,-0.710314,0
-25,-0.710314,0
-25,-0.710275,0
-25,-0.709472,0
-25,-0.709472,0
-25,-0.709441,0
-25,-0.709441,0
-25,-0.709417,0
-25,-0.709417,0
-25,-0.709309,0
-25,-0.709095,0
-25,-0.709095,0
-25,-0.709064,0
-25,-0.709064,0
-25,-0.709053,0
-25,-0.709053,0
-25,-0.70877,0
-25,-0.70873,0
-25,-0.70873,0
-25,-0.708718,0
-25,-0.70855,0
-25,-0.708541,0
-25,-0.708541,0
-25,-0.708521,0
-25,-0.708521,0
-25,-0.708282,0
-25,-0.708282,0
-25,-0.708259,0
-25,-0.708259,0
-25,-0.706235,0
-25,-0.706209,0
-25,-0.706209,0
-25,-0.705332,0
-25,-0.705332,0
-25,-0.705313,0
-25,-0.705313,0
-25,-0.707007,0
-25,-0.832395,0
-25,-0.832395,0
-25,-0.84768,0
-25,-0.850897,0
-25,-0.851128,0
-25,-0.851128,0
-25,-0.851134,0
-25,-0.851134,0
-25,-0.849402,0
-25,-0.849402,0
-25,-0.848713,0
-25,-0.847575,0
-25,-0.847575,0
-25,-0.847566,0
-25,-0.847566,0
-25,-0.849977,0
-25,-0.849977,0
-25,-0.851492,0
-25,-0.851492,0
-25,-0.852626,0
-25,-0.852591,0
-25,-0.852591,0
-25,-0.848991,0
-25,-0.848991,0
-25,-0.848911,0
-25,-0.848911,0
-25,-0.848895,0
-25,-0.848895,0
-25,-0.847571,0
-25,-0.847566,0
-25,-0.847562,0
-25,-0.848611,0
-25,-0.848611,0
-25,-0.848264,0
-25,-0.848264,0
-25,-0.847335,0
-25,-0.847335,0
-25,-0.846696,0
-25,-0.846673,0
-25,-0.846673,0
-25,-0.846666,0
-25,-0.846666,0
-25,-0.84666,0
-25,-0.84666,0
-25,-0.845113,0
-25,-0.845113,0
-25,-0.843819,0
-25,-0.841314,0
-25,-0.841314,0
-25,-0.841306,0
-25,-0.8413,0
-25,-0.840399,0
-25,-0.840399,0
-25,-0.978507,0
-25,-0.978507,0
-25,-0.979114,0
-25,-0.979114,0
-25,-0.972738,0
-25,-0.972622,0
-25,-0.972622,0
-25,-0.972609,0
-25,-0.972609,0
-25,-0.972597,0
-25,-0.972597,0
-25,-0.969007,0
-25,-0.969007,0
-25,-0.968987,0
-25,-0.969747,0
-25,-0.969747,0
-25,-0.969724,0
-25,-0.969724,0
-25,-0.97011,0
-25,-0.97011,0
-25,-0.970083,0
-25,-0.966127,0
-25,-0.966127,0
-25,-0.966037,0
-25,-0.966037,0
-25,-0.966026,0
-25,-0.966026,0
-25,-1.084906,0
-25,-1.084906,0
-25,-1.101631,0
-25,-1.101631,0
-25,-1.105744,0
-25,-0.96944,0
-25,-0.96944,0
-25,-1.089273,0
-25,-1.089273,0
-25,-1.106004,0
-25,-1.106004,0
-25,-1.102802,0
-25,-1.102802,0
-25,-1.102777,0
-25,-1.102777,0
-25,-1.099976,0
-25,-1.099976,0
-25,-1.099925,0
-25,-1.09842,0
-25,-1.09842,0
-25,-1.098362,0
-25,-1.098362,0
-25,-1.094362,0
-25,-1.094362,0
-25,-1.094301,0
-25,-1.094301,0
-25,-1.094275,0
-25,-1.102952,0
-25,-1.089002,0
-25,-1.087988,0
-25,-1.087988,0
-25,-1.091672,0
-25,-1.091672,0
-25,-1.095485,0
-25,-1.095485,0
-25,-1.09551,0
-25,-1.09551,0
-25,-1.095497,0
-25,-1.225624,0
-25,-1.225624,0
-25,-1.107876,0
-25,-1.107876,0
-25,-1.084716,0
-25,-1.084716,0
-25,-1.080054,0
-25,-1.080054,0
-25,-1.075526,0
-25,-1.07547,0
-25,-1.07547,0
-25,-1.076168,0
-25,-1.076168,0
-25,-1.076157,0
-25,-1.076157,0
-25,-1.076765,0
-25,-1.076753,0
-25,-1.076753,0
-25,-1.076728,0
-25,-1.076728,0
-25,-1.075327,0
-25,-1.075327,0
-25,-1.075302,0
-25,-1.075302,0
-25,-1.073984,0
-25,-1.073911,0
-25,-1.073911,0
-25,-1.07102,0
-25,-1.07102,0
-25,-1.070971,0
-25,-1.070971,0
-25,-1.072236,0
-25,-1.073498,0
-25,-1.073498,0
-25,-1.073478,0
-25,-1.073478,0
-25,-1.209895,0
-25,-1.209895,0
-25,-1.21188,0
-25,-1.213682,0
-25,-1.213684,0
-25,-1.213672,0
-25,-1.213672,0
-25,-1.211859,0
-25,-1.211859,0
-25,-1.211813,0
-25,-1.211813,0
-25,-1.075944,0
-25,-1.075944,0
-25,-1.073882,0
-25,-1.073847,0
-25,-1.073847,0
-25,-1.198994,0
-25,-1.198994,0
-25,-1.200963,0
-25,-1.200963,0
-25,-1.194103,0
-25,-1.194092,0
-25,-1.194092,0
-25,-1.191787,0
-25,-1.191787,0
-25,-1.191759,0
-25,-1.191759,0
-25,-1.195657,0
-25,-1.195657,0
-25,-1.195678,0
-25,-1.197407,0
-25,-1.197407,0
-25,-1.199074,0
-25,-1.199074,0
-25,-1.199059,0
-25,-1.199059,0
-25,-1.196845,0
-25,-1.195716,0
-25,-1.195716,0
-25,-1.19835,0
-25,-1.19835,0
-25,-1.067028,0
-25,-1.067028,0
-25,-1.185123,0
-25,-1.202619,0
-25,-1.202619,0
-25,-1.200588,0
-25,-1.200588,0
-25,-1.200559,0
-25,-1.200559,0
25,-1.198492,0
25,-1.198492,0
25,-1.198442,0
25,-1.18954,0
25,-1.18954,0
25,-1.180997,0
25,-1.180997,0
25,-1.180982,0
25,-1.180982,0
25,-1.171867,0
25,-1.171842,0
25,-1.171842,0
25,-1.170178,0
25,-1.170178,0
25,-1.041933,0
25,-1.041933,0
25,1.131276,0
25,1.069072,0
25,1.069072,0
25,1.055624,0
25,1.055624,0
25,1.053635,0
25,1.053635,0
25,1.046511,0
25,1.039454,0
25,1.039454,0
25,1.036668,0
25,1.036668,0
25,1.036535,0
25,1.036535,0
25,0.90659,0
25,0.90659,0
25,0.904554,0
25,0.902824,0
25,0.902824,0
25,0.901989,0
25,0.901989,0
25,0.90191,0
25,0.90191,0
25,0.787109,0
25,0.787109,0
25,0.77147,0
25,0.767862,0
25,0.767862,0
25,0.767709,0
25,0.767709,0
25,0.767808,0
25,0.767808,0
25,0.767771,0
25,0.641538,0
25,0.641538,0
25,0.639788,0
25,0.639788,0
25,0.639503,0
25,0.639503,0
25,0.636594,0
25,0.636594,0
25,0.636545,0
25,0.525538,0
25,0.525538,0
25,0.511774,0
25,0.51008,0
25,0.512031,0
25,0.512031,0
25,0.512065,0
25,0.512065,0
25,0.511402,0
25,0.511402,0
25,0.509657,0
25,0.509657,0
25,0.509597,0
25,0.397831,0
25,0.397831,0
25,0.384072,0
25,0.384072,0
25,0.383158,0
25,0.383158,0
25,0.383121,0
25,0.383181,0
25,0.383181,0
25,0.383155,0
25,0.383155,0
25,0.382126,0
25,0.382126,0
25,0.382055,0
25,0.382055,0
25,0.256987,0
25,0.255447,0
25,0.255447,0
25,0.255485,0
25,0.255485,0
25,0.255444,0
25,0.255444,0
25,0.254952,0
25,0.254952,0
25,0.2549,0
25,0.2549,0
25,0.143048,0
25,0.143048,0
25,0.127785,0
25,0.12776,0
25,0.12776,0
25,0.128067,0
25,0.128067,0
25,0.128099,0
25,0.128099,0
25,0.127746,0
25,0.127746,0
25,0.127445,0
25,0.127445,0
25,0.127366,0
25,0.127366,0
25,0.015458,0
25,0.001696,0
25,0.001696,0
25,-0.000203,0
25,-0.000203,0
25,-0.000229,0
25,-0.000229,0
25,-0.000227,0
25,-0.000227,0
25,-0.00022,0
25,-0.000213,0
25,-0.000213,0
25,-0.000204,0
25,-0.000204,0
25,-0.0002,0
25,-0.0002,0
25,-0.000191,0
25,-0.000191,0
25,-0.000184,0
25,-0.000178,0
25,-0.000178,0
25,-0.00017,0
25,-0.00017,0
25,-0.000162,0
25,-0.000162,0
25,-0.000159,0
25,-0.00485,0
25,0.062667,0
25,0.062667,0
25,0.094842,0
25,0.127336,0
25,0.127336,0
25,0.127967,0
25,0.127967,0
25,0.127976,0
25,0.127976,0
25,0.12798,0
25,0.133325,0
25,0.127917,0
25,0.127887,0
25,0.127887,0
25,0.128015,0
25,0.128015,0
25,0.127993,0
25,0.127993,0
25,0.127973,0
25,0.13254,0
25,0.127893,0
25,0.159374,0
25,0.159374,0
25,0.254012,0
25,0.254012,0
25,0.255464,0
25,0.255464,0
25,0.143467,0
25,0.143467,0
25,0.12968,0
25,0.133332,0
25,0.253228,0
25,0.25437,0
25,0.25437,0
25,0.255812,0
25,0.255812,0
25,0.255696,0
25,0.255696,0
25,0.255658,0
25,0.265445,0
25,0.255408,0
25,0.255022,0
25,0.255022,0
25,0.255232,0
25,0.255232,0
25,0.254916,0
25,0.254916,0
25,0.254823,0
25,0.264194,0
25,0.254847,0
25,0.254847,0
25,0.254864,0
25,0.255134,0
25,0.255134,0
25,0.25515,0
25,0.25515,0
25,0.254627,0
25,0.254627,0
25,0.254537,0
25,0.254503,0
25,0.254503,0
25,0.254181,0
25,0.254181,0
25,0.379743,0
25,0.379743,0
25,0.382019,0
25,0.382071,0
25,0.382071,0
25,0.382488,0
25,0.382488,0
25,0.382734,0
25,0.382734,0
25,0.382731,0
25,0.382731,0
25,0.382721,0
25,0.381933,0
25,0.381933,0
25,0.381828,0
25,0.381828,0
25,0.380505,0
25,0.380505,0
25,0.380491,0
25,0.380491,0
25,0.380482,0
25,0.37996,0
25,0.37996,0
25,0.379943,0
25,0.379943,0
25,0.380298,0
25,0.380298,0
25,0.380283,0
25,0.490986,0
25,0.490986,0
25,0.506303,0
25,0.506303,0
25,0.50605,0
25,0.50605,0
25,0.506031,0
25,0.506834,0
25,0.506834,0
25,0.506823,0
25,0.506823,0
25,0.506608,0
25,0.506608,0
25,0.506569,0
25,0.506569,0
25,0.506559,0
25,0.505714,0
25,0.505714,0
25,0.505676,0
25,0.505676,0
25,0.507124,0
25,0.507124,0
25,0.507191,0
25,0.507183,0
25,0.507183,0
25,0.508571,0
25,0.508571,0
25,0.508553,0
25,0.508553,0
25,0.508195,0
25,0.508195,0
25,0.633465,0
25,0.635277,0
25,0.635616,0
25,0.635632,0
25,0.635632,0
25,0.638143,0
25,0.638143,0
25,0.638221,0
25,0.638221,0
25,0.639959,0
25,0.641642,0
25,0.641645,0
25,0.641645,0
25,0.638909,0
25,0.63881,0
25,0.63881,0
25,0.638794,0
25,0.638794,0
25,0.638821,0
25,0.638821,0
25,0.63881,0
25,0.641299,0
25,0.641299,0
25,0.641371,0
25,0.641371,0
25,0.643498,0
25,0.643498,0
25,0.643536,0
25,0.643536,0
25,0.642159,0
25,0.642144,0
25,0.642144,0
25,0.640416,0
25,0.640416,0
25,0.752921,0
25,0.752921,0
25,0.766761,0
25,0.769003,0
25,0.769003,0
25,0.642806,0
25,0.642806,0
25,0.769556,0
25,0.769556,0
25,0.771471,0
25,0.771471,0
25,0.771937,0
25,0.771939,0
25,0.771939,0
25,0.772195,0
25,0.772195,0
25,0.772195,0
25,0.772195,0
25,0.773964,0
25,0.773964,0
25,0.773992,0
25,0.773985,0
25,0.77358,0
25,0.773542,0
25,0.773542,0
25,0.771348,0
25,0.771348,0
25,0.771306,0
25,0.771306,0
25,0.884211,0
25,0.902213,0
25,0.902213,0
25,0.902415,0
25,0.902415,0
25,0.90321,0
25,0.90321,0
25,0.775914,0
25,0.775914,0
25,0.900209,0
25,0.901875,0
25,0.901875,0
25,0.902092,0
25,0.902092,0
25,0.901638,0
25,0.901638,0
25,0.901622,0
25,0.903347,0
25,0.903347,0
25,0.902602,0
25,0.902602,0
25,0.902574,0
25,0.902574,0
25,0.899819,0
25,0.899819,0
25,0.899801,0
25,0.899801,0
25,0.899276,0
25,0.898781,0
25,0.898781,0
25,0.898777,0
25,0.898777,0
25,0.904055,0
25,0.904055,0
25,0.909036,0
25,0.909036,0
25,0.909039,0
25,0.909034,0
25,0.909034,0
25,0.909724,0
25,0.909724,0
25,1.023927,0
25,1.023927,0
25,1.038905,0
25,0.909237,0
25,0.909237,0
25,0.908468,0
25,0.908468,0
25,0.907966,0
25,0.907966,0
25,0.907962,0
25,0.907962,0
25,1.021229,0
25,0.923077,0
25,0.923077,0
25,0.906998,0
25,0.906998,0
25,1.01865,0
25,1.01865,0
25,1.033248,0
25,1.033463,0
25,1.033463,0
25,1.032917,0
25,1.032917,0
25,1.032901,0
25,1.032901,0
25,1.032887,0
25,1.032887,0
25,1.032508,0
25,1.032636,0
25,1.032636,0
25,1.032073,0
25,1.032073,0
25,1.032066,0
25,1.032066,0
25,1.03045,0
25,1.030595,0
25,1.030595,0
25,1.034379,0
25,1.034379,0
25,1.034404,0
25,1.034404,0
25,1.034398,0
25,1.034398,0
25,1.038716,0
25,1.038707,0
25,1.038707,0
25,1.043349,0
25,1.043349,0
25,1.043345,0
25,1.043345,0
25,1.046293,0
25,1.046293,0
25,1.046308,0
25,1.045454,0
25,1.045454,0
25,1.045449,0
25,1.045449,0
25,1.160278,0
25,1.160278,0
25,1.058664,0
25,1.058664,0
25,1.041148,0
25,1.036254,0
25,1.036254,0
25,1.166254,0
25,1.166254,0
25,1.166491,0
25,1.166491,0
25,1.166485,0
25,1.171297,0
25,1.171297,0
25,1.17134,0
25,1.17134,0
25,1.175606,0
25,1.175606,0
25,1.060879,0
25,1.060879,0
25,1.159761,0
25,1.174185,0
25,1.174185,0
25,1.045679,0
25,1.045679,0
25,1.158763,0
25,1.158763,0
25,1.172832,0
25,1.172832,0
25,1.046522,0
25,1.159358,0
25,1.159358,0
25,1.178903,0
25,1.178903,0
25,1.17917,0
25,1.17917,0
25,1.179166,0
25,1.192418,0
25,1.182671,0
25,1.183067,0
25,1.183067,0
25,1.184749,0
25,1.184749,0
25,1.184739,0
25,1.184739,0
25,1.187533,0
25,1.187533,0
25,1.187529,0
25,1.200922,0
25,1.190535,0
25,1.192029,0
25,1.192029,0
25,1.190418,0
25,1.190418,0
25,1.19039,0
25,1.19039,0
25,1.188996,0
25,1.188996,0
25,1.187647,0
25,1.192544,0
25,1.192544,0
25,1.197356,0
25,1.197356,0
25,1.197353,0
25,1.208286,0
25,1.199435,0
25,1.20049,0
25,1.20049,0
25,1.197985,0
25,1.197985,0
25,1.197981,0
25,1.197981,0
25,1.19917,0
25,1.199177,0
25,1.199183,0
25,1.199183,0
25,1.199181,0
25,1.203659,0
25,1.194304,0
-25,1.193956,0
-25,1.193956,0
-25,1.187981,0
-25,1.187981,0
-25,1.187974,0
-25,1.187974,0
-25,1.188839,0
-25,1.188839,0
-25,1.188836,0
-25,1.191667,0
-25,1.191667,0
-25,-1.160102,0
-25,-1.160102,0
-25,-1.193369,0
-25,-1.193369,0
-25,-1.193732,0
-25,-1.193732,0
-25,-1.193666,0
-25,-1.063263,0
-25,-1.063263,0
-25,-1.061159,0
-25,-1.061159,0
-25,-1.062984,0
-25,-1.062984,0
-25,-1.062923,0
-25,-1.182917,0
-25,-1.063869,0
-25,-1.068057,0
-25,-1.068057,0
-25,-1.068022,0
-25,-1.068022,0
-25,-1.06797,0
-25,-1.06797,0
-25,-1.067921,0
-25,-0.936744,0
-25,-0.936744,0
-25,-0.934674,0
-25,-0.934674,0
-25,-0.935229,0
-25,-0.935229,0
-25,-0.935153,0
-25,-0.935153,0
-25,-0.935289,0
-25,-0.818081,0
-25,-0.818081,0
-25,-0.803935,0
-25,-0.803935,0
-25,-0.803678,0
-25,-0.803678,0
-25,-0.803648,0
-25,-0.804069,0
-25,-0.804069,0
-25,-0.804022,0
-25,-0.804022,0
-25,-0.671928,0
-25,-0.671928,0
-25,-0.669889,0
-25,-0.66951,0
-25,-0.66951,0
-25,-0.551026,0
-25,-0.551026,0
-25,-0.53574,0
-25,-0.53574,0
-25,-0.533933,0
-25,-0.533933,0
-25,-0.5337,0
-25,-0.533562,0
-25,-0.533562,0
-25,-0.533535,0
-25,-0.533535,0
-25,-0.533062,0
-25,-0.533062,0
-25,-0.533032,0
-25,-0.533032,0
-25,-0.532239,0
-25,-0.401095,0
-25,-0.401095,0
-25,-0.399169,0
-25,-0.399169,0
-25,-0.399138,0
-25,-0.399138,0
-25,-0.399242,0
-25,-0.399231,0
-25,-0.399231,0
-25,-0.282414,0
-25,-0.282414,0
-25,-0.265965,0
-25,-0.265965,0
-25,-0.265709,0
-25,-0.265757,0
-25,-0.265757,0
-25,-0.265777,0
-25,-0.265777,0
-25,-0.266083,0
-25,-0.266083,0
-25,-0.26612,0
-25,-0.26612,0
-25,-0.14923,0
-25,-0.134842,0
-25,-0.134842,0
-25,-0.132849,0
-25,-0.132849,0
-25,-0.132707,0
-25,-0.132707,0
-25,-0.132701,0
-25,-0.132701,0
-25,-0.132762,0
-25,-0.132762,0
-25,-0.13283,0
-25,-0.132883,0
-25,-0.132883,0
-25,-0.132892,0
-25,-0.132892,0
-25,-0.001666,0
-25,-0.001666,0
-25,0.000307,0
-25,0.000307,0
-25,0.000323,0
-25,0.000323,0
-25,0.000305,0
-25,0.000294,0
-25,0.000294,0
-25,0.000289,0
-25,0.000289,0
-25,0.000284,0
-25,0.000284,0
-25,0.000279,0
-25,0.000269,0
-25,0.000269,0
-25,0.000259,0
-25,0.000259,0
-25,0.000251,0
-25,0.000251,0
-25,0.000238,0
-25,0.000238,0
-25,0.000231,0
-25,0.000231,0
-25,0.000227,0
-25,0.000222,0
-25,0.000222,0
-25,0.000215,0
-25,0.000215,0
-25,0.000207,0
-25,0.000207,0
-25,0.0002,0
-25,-0.116405,0
-25,-0.130726,0
-25,-0.132479,0
-25,-0.132479,0
-25,-0.132647,0
-25,-0.132647,0
-25,-0.132598,0
-25,-0.132598,0
-25,-0.132517,0
-25,-0.132506,0
-25,-0.132506,0
-25,-0.132464,0
-25,-0.132464,0
-25,-0.132444,0
-25,-0.132444,0
-25,-0.132422,0
-25,-0.132404,0
-25,-0.132404,0
-25,-0.132378,0
-25,-0.132378,0
-25,-0.132364,0
-25,-0.132364,0
-25,-0.132352,0
-25,-0.132352,0
-25,-0.132309,0
-25,-0.132309,0
-25,-0.132291,0
-25,-0.132223,0
-25,-0.132163,0
-25,-0.248183,0
-25,-0.248183,0
-25,-0.263917,0
-25,-0.263917,0
-25,-0.263904,0
-25,-0.263904,0
-25,-0.263346,0
-25,-0.26326,0
-25,-0.26326,0
-25,-0.263252,0
-25,-0.263252,0
-25,-0.262985,0
-25,-0.262985,0
-25,-0.262968,0
-25,-0.262838,0
-25,-0.262838,0
-25,-0.262824,0
-25,-0.262824,0
-25,-0.262691,0
-25,-0.262691,0
-25,-0.262649,0
-25,-0.262649,0
-25,-0.262565,0
-25,-0.262571,0
-25,-0.262571,0
-25,-0.26234,0
-25,-0.26234,0
-25,-0.262297,0
-25,-0.262297,0
-25,-0.391557,0
